FID,NOM_MUNICI,Orden,DEPARTAMEN,Codigo_DAN,REGION,latitud,longitud
0,ABEJORRAL,1,ANTIOQUIA,5002,Andina,5.804160118,-75.43840027
1,ABREGO,2,NORTE DE SANTANDER,54003,Andina,8.020440102,-73.15850067
2,ABRIAQUI,3,ANTIOQUIA,5004,Andina,6.626039982,-76.08570099
3,ACACIAS,4,META,50006,Orinoquia,4.010250092,-73.72440338
4,ACANDI,5,CHOCO,27006,Andina,8.435079575,-77.28949738
5,ACEVEDO,6,HUILA,41006,Andina,1.709599972,-75.99710083
6,ACHI,7,BOLIVAR,13006,Caribe,8.622559547,-74.47669983
7,AGRADO,8,HUILA,41013,Andina,2.269160032,-75.71640015
8,AGUA DE DIOS,9,CUNDINAMARCA,25001,Andina,4.372550011,-74.67070007
9,AGUACHICA,10,CESAR,20011,Caribe,8.249839783,-73.62139893
10,AGUADA,11,SANTANDER,68013,Andina,6.175320148,-73.53320313
11,AGUADAS,12,CALDAS,17013,Andina,5.596809864,-75.44989777
12,AGUAZUL,13,CASANARE,85010,Orinoquia,5.126760006,-72.54879761
13,AGUSTIN CODAZZI,14,CESAR,20013,Caribe,9.950559616,-73.21920013
14,AIPE,15,HUILA,41016,Andina,3.263449907,-75.35220337
15,ALBAN,16,CUNDINAMARCA,25019,Andina,4.889480114,-74.44120026
16,ALBAN (San Jose),17,NARINO,52019,Andina,1.47104001,-77.06839752
17,ALBANIA_CAQ,18,CAQUETA,18029,Amazonia,1.229689956,-75.8852005
18,ALBANIA_GUA,19,LA GUAJIRA,44035,Caribe,11.22910023,-72.53220367
19,ALBANIA_SAN,20,SANTANDER,68020,Andina,5.777999878,-73.82830048
20,ALCALA,21,VALLE DEL CAUCA,76020,Andina,4.678440094,-75.78199768
21,ALDANA,22,NARINO,52022,Andina,0.913486004,-77.69560242
22,ALEJANDRIA,23,ANTIOQUIA,5021,Andina,6.36480999,-75.09020233
23,ALGARROBO,24,MAGDALENA,47030,Caribe,10.25409985,-74.10340118
24,ALGECIRAS,25,HUILA,41020,Andina,2.494659901,-75.29229736
25,ALMAGUER,26,CAUCA,19022,Andina,1.912690043,-76.83480072
26,ALMEIDA,27,BOYACA,15022,Andina,4.954909801,-73.38809967
27,ALPUJARRA,28,TOLIMA,73024,Andina,3.389679909,-74.94309998
28,ALTAMIRA,29,HUILA,41026,Andina,2.080670118,-75.76750183
29,ALTO BAUDO (Pie de Pato),30,CHOCO,27025,Andina,5.638780117,-77.08480072
30,ALTOS DEL ROSARIO,31,BOLIVAR,13030,Caribe,8.756890297,-74.1957016
31,ALVARADO,32,TOLIMA,73026,Andina,4.580289841,-74.9890976
32,AMAGA,33,ANTIOQUIA,5030,Andina,6.032859802,-75.70780182
33,AMALFI,34,ANTIOQUIA,5031,Andina,6.978459835,-74.98110199
34,AMBALEMA,35,TOLIMA,73030,Andina,4.825779915,-74.80410004
35,ANAPOIMA,36,CUNDINAMARCA,25035,Andina,4.559619904,-74.52510071
36,ANCUYA,37,NARINO,52036,Andina,1.245720029,-77.53130341
37,ANDALUCIA,38,VALLE DEL CAUCA,76036,Andina,4.142380238,-76.16259766
38,ANDES,39,ANTIOQUIA,5034,Andina,5.625160217,-75.92630005
39,ANGELOPOLIS,40,ANTIOQUIA,5036,Andina,6.120940208,-75.71589661
40,ANGOSTURA,41,ANTIOQUIA,5038,Andina,6.866620064,-75.35310364
41,ANOLAIMA,42,CUNDINAMARCA,25040,Andina,4.789380074,-74.46140289
42,ANORI,43,ANTIOQUIA,5040,Andina,7.193230152,-75.10839844
43,ANSERMA,44,CALDAS,17042,Andina,5.200230122,-75.75289917
44,ANSERMANUEVO,45,VALLE DEL CAUCA,76041,Andina,4.797049999,-76.02709961
45,ANZA,46,ANTIOQUIA,5044,Andina,6.308290005,-75.91280365
46,ANZOATEGUI,47,TOLIMA,73043,Andina,4.630990028,-75.19339752
47,APARTADO,48,ANTIOQUIA,5045,Andina,7.897140026,-76.56479645
48,APIA,49,RISARALDA,66045,Andina,5.137750149,-75.95359802
49,APULO,50,CUNDINAMARCA,25599,Andina,4.52230978,-74.57839966
50,AQUITANIA,51,BOYACA,15047,Andina,5.432439804,-72.88240051
51,ARACATACA,52,MAGDALENA,47053,Caribe,10.64519978,-73.87930298
52,ARANZAZU,53,CALDAS,17050,Andina,5.264420033,-75.47319794
53,ARATOCA,54,SANTANDER,68051,Andina,6.71600008,-73.01180267
54,ARAUCA,55,ARAUCA,81001,Orinoquia,6.796080112,-70.50969696
55,ARAUQUITA,56,ARAUCA,81065,Orinoquia,6.797609806,-71.29820251
56,ARBELAEZ,57,CUNDINAMARCA,25053,Andina,4.23263979,-74.39980316
57,ARBOLEDA (Berruecos),58,NARINO,52051,Andina,1.480559945,-77.12989807
58,ARBOLEDAS,59,NORTE DE SANTANDER,54051,Andina,7.613780022,-72.86129761
59,ARBOLETES,60,ANTIOQUIA,5051,Andina,8.611940384,-76.41079712
60,ARCABUCO,61,BOYACA,15051,Andina,5.749010086,-73.43969727
61,ARENAL,62,BOLIVAR,13042,Caribe,8.340880394,-74.10710144
62,ARGELIA_ANT,63,ANTIOQUIA,5055,Andina,5.708300114,-75.09490204
63,ARGELIA_CAU,64,CAUCA,19050,Andina,2.32942009,-77.26319885
64,ARGELIA_VAL,65,VALLE DEL CAUCA,76054,Andina,4.71295023,-76.14029694
65,ARIGUANI (El Dificil),66,MAGDALENA,47058,Caribe,9.831979752,-74.08390045
66,ARJONA,67,BOLIVAR,13052,Caribe,10.16539955,-75.37020111
67,ARMENIA_ANT,68,ANTIOQUIA,5059,Andina,6.163839817,-75.81009674
68,ARMENIA_QUI,69,QUINDIO,63001,Andina,4.498680115,-75.72509766
69,ARMERO (Guayabal),70,TOLIMA,73055,Andina,5.007470131,-74.84680176
70,ARROYOHONDO,71,BOLIVAR,13062,Caribe,10.2407999,-75.03009796
71,ASTREA,72,CESAR,20032,Caribe,9.517580032,-73.94069672
72,ATACO,73,TOLIMA,73067,Andina,3.426179886,-75.48459625
73,ATRATO (Yuto),74,CHOCO,27050,Andina,5.559850216,-76.60620117
74,AYAPEL,75,CORDOBA,23068,Caribe,8.260970116,-75.05000305
75,BAGADO,76,CHOCO,27073,Andina,5.503330231,-76.19799805
76,BAHIA SOLANO (Mutis),77,CHOCO,27075,Andina,6.293290138,-77.35399628
77,BAJO BAUDO  (Pizarro),78,CHOCO,27077,Andina,5.007760048,-77.21589661
78,BALBOA_CAU,79,CAUCA,19075,Andina,2.08494997,-77.20899963
79,BALBOA_RIS,80,RISARALDA,66075,Andina,4.917860031,-75.94290161
80,BARANOA,81,ATLANTICO,8078,Caribe,10.79370022,-74.92179871
81,BARAYA,82,HUILA,41078,Andina,3.133810043,-74.96829987
82,BARBACOAS,83,NARINO,52079,Andina,1.445359945,-78.15650177
83,BARBOSA_ANT,84,ANTIOQUIA,5079,Andina,6.443689823,-75.32939911
84,BARBOSA_SAN,85,SANTANDER,68077,Andina,5.955389977,-73.62319946
85,BARICHARA,86,SANTANDER,68079,Andina,6.645130157,-73.21569824
86,BARRANCA DE UPIA,87,META,50110,Orinoquia,4.518630028,-72.99490356
87,BARRANCABERMEJA,88,SANTANDER,68081,Andina,7.062099934,-73.77670288
88,BARRANCAS,89,LA GUAJIRA,44078,Caribe,10.98939991,-72.68659973
89,BARRANCO DE LOBA,90,BOLIVAR,13074,Caribe,8.837349892,-74.16249847
90,BARRANCO MINA (Cor. Departamental),91,GUAINIA,94343,Amazonia,3.313819885,-69.39890289
91,BARRANQUILLA (Distrito Especial,92,ATLANTICO,8001,Caribe,10.98009968,-74.82649994
92,BECERRIL,93,CESAR,20045,Caribe,9.72784996,-73.2507019
93,BELALCAZAR,94,CALDAS,17088,Andina,4.994150162,-75.81230164
94,BELEN DE LOS ANDAQUIES,95,CAQUETA,18094,Amazonia,1.495519996,-75.87760162
95,BELEN DE UMBRIA,96,RISARALDA,66088,Andina,5.200359821,-75.86799622
96,BELEN_BOY,97,BOYACA,15087,Andina,6.005149841,-72.89510345
97,BELEN_NAR,98,NARINO,52083,Andina,1.591179967,-77.0428009
98,BELLO,99,ANTIOQUIA,5088,Andina,6.358819962,-75.58959961
99,BELMIRA,100,ANTIOQUIA,5086,Andina,6.653880119,-75.65280151
100,BELTRAN,101,CUNDINAMARCA,25086,Andina,4.71889019,-74.75640106
101,BERBEO,102,BOYACA,15090,Andina,5.230340004,-73.09940338
102,BETANIA,103,ANTIOQUIA,5091,Andina,5.729290009,-75.98770142
103,BETEITIVA,104,BOYACA,15092,Andina,5.921010017,-72.84860229
104,BETULIA_ANT,105,ANTIOQUIA,5093,Andina,6.184269905,-75.95600128
105,BETULIA_SAN,106,SANTANDER,68092,Andina,7.011909962,-73.3871994
106,BITUIMA,107,CUNDINAMARCA,25095,Andina,4.848800182,-74.5286026
107,BOAVITA,108,BOYACA,15097,Andina,6.335949898,-72.61990356
108,BOCHALEMA,109,NORTE DE SANTANDER,54099,Andina,7.631490231,-72.66000366
109,BOGOTA D.C.,110,SATA FE DE BOGOTA D.C.,11001,Andina,4.312369823,-74.18170166
110,BOJACA,111,CUNDINAMARCA,25099,Andina,4.692749977,-74.32849884
111,BOJAYA (Bellavista),112,CHOCO,27099,Andina,6.475249767,-77.09860229
112,BOLIVAR_CAU,113,CAUCA,19100,Andina,1.854380012,-76.96369934
113,BOLIVAR_SAN,114,SANTANDER,68101,Andina,6.09442997,-74.11859894
114,BOLIVAR_VAL,115,VALLE DEL CAUCA,76100,Andina,4.366449833,-76.36540222
115,BOSCONIA,116,CESAR,20060,Caribe,9.946350098,-73.86859894
116,BOYACA,117,BOYACA,15104,Andina,5.44051981,-73.38069916
117,BRICENO_ANT,118,ANTIOQUIA,5107,Andina,7.111159801,-75.56310272
118,BRICENO_BOY,119,BOYACA,15106,Andina,5.663939953,-73.90740204
119,BUCARAMANGA,120,SANTANDER,68001,Andina,7.155479908,-73.11129761
120,BUCARASICA,121,NORTE DE SANTANDER,54109,Andina,8.079990387,-72.92910004
121,BUENAVENTURA,122,VALLE DEL CAUCA,76109,Andina,3.611069918,-77.08519745
122,BUENAVISTA_BOY,123,BOYACA,15109,Andina,5.489490032,-73.95089722
123,BUENAVISTA_COR,124,CORDOBA,23079,Caribe,8.192680359,-75.43170166
124,BUENAVISTA_QUI,125,QUINDIO,63111,Andina,4.367030144,-75.74500275
125,BUENAVISTA_SUC,126,SUCRE,70110,Caribe,9.336119652,-74.94819641
126,BUENOS AIRES,127,CAUCA,19110,Andina,2.993160009,-76.62470245
127,BUESACO,128,NARINO,52110,Andina,1.333039999,-77.13790131
128,BUGA,129,VALLE DEL CAUCA,76111,Andina,3.855829954,-76.10669708
129,BUGALAGRANDE,130,VALLE DEL CAUCA,76113,Andina,4.198430061,-76.09140015
130,BURITICA,131,ANTIOQUIA,5113,Andina,6.807819843,-75.91149902
131,BUSBANZA,132,BOYACA,15114,Andina,5.846399784,-72.87470245
132,CABRERA_CUN,133,CUNDINAMARCA,25120,Andina,3.918930054,-74.44609833
133,CABRERA_SAN,134,SANTANDER,68121,Andina,6.562320232,-73.25
134,CABUYARO,135,META,50124,Orinoquia,4.315340042,-72.95249939
135,CACAHUAL (Cor. Departamental),136,GUAINIA,94886,Amazonia,3.386110067,-67.58519745
136,CACERES,137,ANTIOQUIA,5120,Andina,7.674729824,-75.2276001
137,CACHIPAY,138,CUNDINAMARCA,25123,Andina,4.723269939,-74.45939636
138,CACHIRA,139,NORTE DE SANTANDER,54128,Andina,7.684770107,-73.12909698
139,CACOTA,140,NORTE DE SANTANDER,54125,Andina,7.270639896,-72.65209961
140,CAICEDO,141,ANTIOQUIA,5125,Andina,6.423840046,-75.99549866
141,CAICEDONIA,142,VALLE DEL CAUCA,76122,Andina,4.309179783,-75.83699799
142,CAIMITO,143,SUCRE,70124,Caribe,8.784549713,-75.1312027
143,CAJAMARCA,144,TOLIMA,73124,Andina,4.406529903,-75.49620056
144,CAJIBIO,145,CAUCA,19130,Andina,2.642770052,-76.70059967
145,CAJICA,146,CUNDINAMARCA,25126,Andina,4.931359768,-74.02919769
146,CALAMAR_BOL,147,BOLIVAR,13140,Caribe,10.21959972,-74.99939728
147,CALAMAR_GUA,148,GUAVIARE,95015,Amazonia,1.614969969,-73.03420258
148,CALARCA,149,QUINDIO,63130,Andina,4.467949867,-75.65670013
149,CALDAS_ANT,150,ANTIOQUIA,5129,Andina,6.055520058,-75.62689972
150,CALDAS_BOY,151,BOYACA,15131,Andina,5.57487011,-73.87989807
151,CALDONO,152,CAUCA,19137,Andina,2.811029911,-76.4641037
152,CALI,153,VALLE DEL CAUCA,76001,Andina,3.397010088,-76.57569885
153,CALIFORNIA,154,SANTANDER,68132,Andina,7.352169991,-72.92639923
154,CALIMA (El Darien),155,VALLE DEL CAUCA,76126,Andina,3.94362998,-76.62439728
155,CALOTO,156,CAUCA,19142,Andina,3.04279995,-76.3667984
156,CAMPAMENTO,157,ANTIOQUIA,5134,Andina,7.038380146,-75.28900146
157,CAMPO DE LA CRUZ,158,ATLANTICO,8137,Caribe,10.40170002,-74.87519836
158,CAMPOALEGRE,159,HUILA,41132,Andina,2.658659935,-75.32929993
159,CAMPOHERMOSO,160,BOYACA,15135,Andina,5.006780148,-73.14510345
160,CANALETE,161,CORDOBA,23090,Caribe,8.717450142,-76.23629761
161,CANASGORDAS,162,ANTIOQUIA,5138,Andina,6.815350056,-76.02639771
162,CANDELARIA_ATL,163,ATLANTICO,8141,Caribe,10.48929977,-74.87770081
163,CANDELARIA_VAL,164,VALLE DEL CAUCA,76130,Andina,3.382339954,-76.38379669
164,CANTAGALLO,165,BOLIVAR,13160,Caribe,7.239600182,-74.10119629
165,CAPARRAPI,166,CUNDINAMARCA,25148,Andina,5.381909847,-74.52100372
166,CAPITANEJO,167,SANTANDER,68147,Andina,6.520209789,-72.67590332
167,CAQUEZA,168,CUNDINAMARCA,25151,Andina,4.402470112,-73.94450378
168,CARACOLI,169,ANTIOQUIA,5142,Andina,6.338359833,-74.73310089
169,CARAMANTA,170,ANTIOQUIA,5145,Andina,5.5553298,-75.62999725
170,CARCASI,171,SANTANDER,68152,Andina,6.65926981,-72.56990051
171,CAREPA,172,ANTIOQUIA,5147,Andina,7.789420128,-76.65540314
172,CARMEN DE APICALA,173,TOLIMA,73148,Andina,4.123129845,-74.74690247
173,CARMEN DE CARUPA,174,CUNDINAMARCA,25154,Andina,5.339079857,-73.9260025
174,CARMEN DE VIBORAL,175,ANTIOQUIA,5148,Andina,5.973010063,-75.25509644
175,CARMEN DEL DARIEN  (Curbarado),176,CHOCO,27150,Andina,7.033279896,-76.97470093
176,CAROLINA,177,ANTIOQUIA,5150,Andina,6.757589817,-75.31430054
177,CARTAGENA DE INDIAS (Distrito TurIstico y Cultural),178,BOLIVAR,13001,Caribe,10.44309998,-75.46430206
178,CARTAGENA DEL CHAIRA,179,CAQUETA,18150,Amazonia,0.646776021,-74.27020264
179,CARTAGO,180,VALLE DEL CAUCA,76147,Andina,4.70607996,-75.91729736
180,CARURU,181,VAUPES,97161,Amazonia,1.08415997,-71.29149628
181,CASABIANCA,182,TOLIMA,73152,Andina,5.016759872,-75.18810272
182,CASTILLA LA NUEVA,183,META,50150,Orinoquia,3.805350065,-73.53839874
183,CAUCASIA,184,ANTIOQUIA,5154,Andina,7.863820076,-75.02649689
184,CEPITA,185,SANTANDER,68160,Andina,6.75221014,-72.92890167
185,CERETE,186,CORDOBA,23162,Caribe,8.891929626,-75.83840179
186,CERINZA,187,BOYACA,15162,Andina,5.961800098,-72.96430206
187,CERRITO,188,SANTANDER,68162,Andina,6.904069901,-72.6446991
188,CERRO DE SAN ANTONIO,189,MAGDALENA,47161,Caribe,10.29370022,-74.81739807
189,CERTEGUI,190,CHOCO,27160,Andina,5.39056015,-76.52089691
190,CHACHAGUI,191,NARINO,52240,Andina,1.386749983,-77.26979828
191,CHAGUANI,192,CUNDINAMARCA,25168,Andina,4.954030037,-74.63169861
192,CHALAN,193,SUCRE,70230,Caribe,9.568570137,-75.32089996
193,CHAMEZA,194,CASANARE,85015,Orinoquia,5.228109837,-72.86509705
194,CHAPARRAL,195,TOLIMA,73168,Andina,3.743779898,-75.58959961
195,CHARALA,196,SANTANDER,68167,Andina,6.194829941,-73.15409851
196,CHARTA,197,SANTANDER,68169,Andina,7.258870125,-72.98770142
197,CHIA,198,CUNDINAMARCA,25175,Andina,4.865920067,-74.03690338
198,CHIGORODO,199,ANTIOQUIA,5172,Andina,7.631830215,-76.63950348
199,CHIMA_COR,200,CORDOBA,23168,Caribe,9.107250214,-75.65080261
200,CHIMA_SAN,201,SANTANDER,68176,Andina,6.373779774,-73.41519928
201,CHIMICHAGUA,202,CESAR,20175,Caribe,9.218660355,-73.75260162
202,CHINACOTA,203,NORTE DE SANTANDER,54172,Andina,7.583099842,-72.58380127
203,CHINAVITA,204,BOYACA,15172,Andina,5.200960159,-73.34030151
204,CHINCHINA,205,CALDAS,17174,Andina,4.986299992,-75.66690063
205,CHINU,206,CORDOBA,23182,Caribe,9.028269768,-75.36019897
206,CHIPAQUE,207,CUNDINAMARCA,25178,Andina,4.425089836,-74.06009674
207,CHIPATA,208,SANTANDER,68179,Andina,6.067810059,-73.63230133
208,CHIQUINQUIRA,209,BOYACA,15176,Andina,5.621349812,-73.80059814
209,CHIQUIZA,210,BOYACA,15232,Andina,5.64248991,-73.44539642
210,CHIRIGUANA,211,CESAR,20178,Caribe,9.426859856,-73.54840088
211,CHISCAS,212,BOYACA,15180,Andina,6.687580109,-72.41729736
212,CHITA,213,BOYACA,15183,Andina,6.074289799,-72.43609619
213,CHITAGA,214,NORTE DE SANTANDER,54174,Andina,7.05148983,-72.52519989
214,CHITARAQUE,215,BOYACA,15185,Andina,5.982759953,-73.4253006
215,CHIVATA,216,BOYACA,15187,Andina,5.564310074,-73.26329803
216,CHIVOLO,217,MAGDALENA,47170,Caribe,10.09920025,-74.52559662
217,CHIVOR,218,BOYACA,15236,Andina,4.87130022,-73.36160278
218,CHOACHI,219,CUNDINAMARCA,25181,Andina,4.582530022,-73.9138031
219,CHOCONTA,220,CUNDINAMARCA,25183,Andina,5.11841011,-73.67829895
220,CICUCO,221,BOLIVAR,13188,Caribe,9.235070229,-74.68830109
221,CIENAGA DE ORO,222,CORDOBA,23189,Caribe,8.848039627,-75.61100006
222,CIENAGA_MAG,223,MAGDALENA,47189,Caribe,10.88819981,-74.04340363
223,CIENEGA_BOY,224,BOYACA,15189,Andina,5.391600132,-73.27970123
224,CIMITARRA,225,SANTANDER,68190,Andina,6.410170078,-74.16929626
225,CIRCASIA,226,QUINDIO,63190,Andina,4.610919952,-75.66230011
226,CISNEROS,227,ANTIOQUIA,5190,Andina,6.550499916,-75.082901
227,CIUDAD BOLIVAR,228,ANTIOQUIA,5101,Andina,5.842539787,-76.01439667
228,CLEMENCIA,229,BOLIVAR,13222,Caribe,10.55669975,-75.31430054
229,COCORNA,230,ANTIOQUIA,5197,Andina,6.019579887,-75.16560364
230,COELLO,231,TOLIMA,73200,Andina,4.353700161,-74.91190338
231,COGUA,232,CUNDINAMARCA,25200,Andina,5.103919983,-73.97679901
232,COLOMBIA,233,HUILA,41206,Andina,3.440210104,-74.68260193
233,COLON,234,PUTUMAYO,86219,Amazonia,1.235579967,-77.00669861
234,COLON (Genova),235,NARINO,52203,Andina,1.636710048,-77.04750061
235,COLOSO,236,SUCRE,70204,Caribe,9.525360107,-75.36219788
236,COMBITA,237,BOYACA,15204,Andina,5.688539982,-73.32969666
237,CONCEPCION_ANT,238,ANTIOQUIA,5206,Andina,6.384399891,-75.21920013
238,CONCEPCION_SAN,239,SANTANDER,68207,Andina,6.783659935,-72.60590363
239,CONCORDIA_ANT,240,ANTIOQUIA,5209,Andina,6.054090023,-75.90100098
240,CONCORDIA_MAG,241,MAGDALENA,47205,Caribe,10.23330021,-74.78029633
241,CONDOTO,242,CHOCO,27205,Andina,5.073800087,-76.52749634
242,CONFINES,243,SANTANDER,68209,Andina,6.355000019,-73.23999786
243,CONSACA,244,NARINO,52207,Andina,1.209489942,-77.44090271
244,CONTADERO,245,NARINO,52210,Andina,0.933049023,-77.52819824
245,CONTRATACION,246,SANTANDER,68211,Andina,6.303070068,-73.50160217
246,CONVENCION,247,NORTE DE SANTANDER,54206,Andina,8.867230415,-73.20339966
247,COPACABANA,248,ANTIOQUIA,5212,Andina,6.352369785,-75.5007019
248,COPER,249,BOYACA,15212,Andina,5.443459988,-74.02899933
249,CORDOBA_BOL,250,BOLIVAR,13212,Caribe,9.541609764,-74.89630127
250,CORDOBA_NAR,251,NARINO,52215,Andina,0.771018028,-77.36070251
251,CORDOBA_QUI,252,QUINDIO,63212,Andina,4.395959854,-75.65129852
252,CORINTO,253,CAUCA,19212,Andina,3.136889935,-76.20939636
253,COROMORO,254,SANTANDER,68217,Andina,6.234680176,-72.98190308
254,COROZAL,255,SUCRE,70215,Caribe,9.201569557,-75.24790192
255,CORRALES,256,BOYACA,15215,Andina,5.823239803,-72.84570313
256,COTA,257,CUNDINAMARCA,25214,Andina,4.787559986,-74.12319946
257,COTORRA,258,CORDOBA,23300,Caribe,9.057379723,-75.77880096
258,COVARACHIA,259,BOYACA,15218,Andina,6.519390106,-72.74019623
259,COVENAS,260,SUCRE,70221,Caribe,9.398489952,-75.65630341
260,COYAIMA,261,TOLIMA,73217,Andina,3.734129906,-75.15170288
261,CRAVO NORTE,262,ARAUCA,81220,Orinoquia,6.347089767,-70.07109833
262,CUASPUD (Carlosama),263,NARINO,52224,Andina,0.87598902,-77.73590088
263,CUBARA,264,BOYACA,15223,Andina,6.886809826,-72.18160248
264,CUBARRAL,265,META,50223,Orinoquia,3.827630043,-74.07550049
265,CUCAITA,266,BOYACA,15224,Andina,5.527430058,-73.44589996
266,CUCUNUBA,267,CUNDINAMARCA,25224,Andina,5.230480194,-73.77809906
267,CUCUTA,268,NORTE DE SANTANDER,54001,Andina,8.112409592,-72.48880005
268,CUCUTILLA,269,NORTE DE SANTANDER,54223,Andina,7.501560211,-72.79769897
269,CUITIVA,270,BOYACA,15226,Andina,5.587679863,-72.93939972
270,CUMARAL,271,META,50226,Orinoquia,4.232950211,-73.31580353
271,CUMARIBO,272,VICHADA,99773,Orinoquia,4.262909889,-69.52140045
272,CUMBAL,273,NARINO,52227,Andina,0.939940989,-77.96040344
273,CUMBITARA,274,NARINO,52233,Andina,1.725149989,-77.59300232
274,CUNDAY,275,TOLIMA,73226,Andina,3.982939959,-74.68920135
275,CURILLO,276,CAQUETA,18205,Amazonia,1.076949954,-75.96170044
276,CURITI,277,SANTANDER,68229,Andina,6.618589878,-73.01799774
277,CURUMANI,278,CESAR,20228,Caribe,9.239430428,-73.48799896
278,DABEIBA,279,ANTIOQUIA,5234,Andina,6.990359783,-76.31289673
279,DAGUA,280,VALLE DEL CAUCA,76233,Andina,3.650099993,-76.72070313
280,DIBULLA,281,LA GUAJIRA,44090,Caribe,11.09010029,-73.43509674
281,DISTRACCION,282,LA GUAJIRA,44098,Caribe,10.92669964,-72.94429779
282,DOLORES,283,TOLIMA,73236,Andina,3.596740007,-74.80319977
283,DON MATIAS,284,ANTIOQUIA,5237,Andina,6.505529881,-75.3667984
284,DOSQUEBRADAS,285,RISARALDA,66170,Andina,4.841209888,-75.66960144
285,DUITAMA,286,BOYACA,15238,Andina,5.892809868,-73.06900024
286,DURANIA,287,NORTE DE SANTANDER,54239,Andina,7.746930122,-72.67179871
287,EBEJICO,288,ANTIOQUIA,5240,Andina,6.326779842,-75.78299713
288,EL AGUILA,289,VALLE DEL CAUCA,76243,Andina,4.916739941,-76.06520081
289,EL BAGRE,290,ANTIOQUIA,5250,Andina,7.705560207,-74.66110229
290,EL BANCO,291,MAGDALENA,47245,Caribe,9.117289543,-73.98079681
291,EL CAIRO,292,VALLE DEL CAUCA,76246,Andina,4.756309986,-76.21569824
292,EL CALVARIO,293,META,50245,Orinoquia,4.35367012,-73.71489716
293,EL CANTON DEL SAN PABLO,294,CHOCO,27135,Andina,5.36055994,-76.77300262
294,EL CARMEN DE BOLIVAR,295,BOLIVAR,13244,Caribe,9.699760437,-75.15460205
295,EL CARMEN_CHO,296,CHOCO,27245,Andina,5.808750153,-76.19589996
296,EL CARMEN_NOR,297,NORTE DE SANTANDER,54245,Andina,8.876029968,-73.34200287
297,EL CARMEN_SAN,298,SANTANDER,68235,Andina,6.664969921,-73.56430054
298,EL CASTILLO,299,META,50251,Orinoquia,3.6161201,-73.88729858
299,EL CERRITO,300,VALLE DEL CAUCA,76248,Andina,3.67595005,-76.20950317
300,EL CHARCO,301,NARINO,52250,Andina,2.184779882,-77.79640198
301,EL COCUY,302,BOYACA,15244,Andina,6.352670193,-72.41899872
302,EL COLEGIO,303,CUNDINAMARCA,25245,Andina,4.556819916,-74.42700195
303,EL COPEY,304,CESAR,20238,Caribe,10.20020008,-73.91269684
304,EL DONCELLO,305,CAQUETA,18247,Amazonia,1.790400028,-75.19270325
305,EL DORADO,306,META,50270,Orinoquia,3.707789898,-73.83190155
306,EL DOVIO,307,VALLE DEL CAUCA,76250,Andina,4.531849861,-76.28289795
307,EL ENCANTO (Cor. Departamental),308,AMAZONAS,91263,Amazonia,-1.993319988,-72.72460175
308,EL ESPINO,309,BOYACA,15248,Andina,6.507900238,-72.48079681
309,EL GUACAMAYO,310,SANTANDER,68245,Andina,6.247439861,-73.53309631
310,EL GUAMO,311,BOLIVAR,13248,Caribe,10.03460026,-74.92340088
311,EL LITORAL DEL SAN JUAN,312,CHOCO,27250,Andina,4.24710989,-76.96250153
312,EL MOLINO,313,LA GUAJIRA,44110,Caribe,10.63510036,-72.88289642
313,EL PASO,314,CESAR,20250,Caribe,9.681879997,-73.69309998
314,EL PAUJIL,315,CAQUETA,18256,Amazonia,1.613139987,-75.23110199
315,EL PENOL,316,NARINO,52254,Andina,1.512459993,-77.43019867
316,EL PENON_BOL,317,BOLIVAR,13268,Caribe,8.866160393,-73.91220093
317,EL PENON_CUN,318,CUNDINAMARCA,25258,Andina,5.262969971,-74.3082962
318,EL PENON_SAN,319,SANTANDER,68250,Andina,6.091189861,-73.92189789
319,EL PINON,320,MAGDALENA,47258,Caribe,10.34130001,-74.67440033
320,EL PLAYON,321,SANTANDER,68255,Andina,7.524610043,-73.18170166
321,EL RETEN,322,MAGDALENA,47268,Caribe,10.66110039,-74.32379913
322,EL RETORNO,323,GUAVIARE,95025,Amazonia,2.082839966,-71.50859833
323,EL ROBLE,324,SUCRE,70233,Caribe,9.071279526,-75.1446991
324,EL ROSAL,325,CUNDINAMARCA,25260,Andina,4.877230167,-74.23940277
325,EL ROSARIO,326,NARINO,52256,Andina,1.845110059,-77.4382019
326,EL TABLON,327,NARINO,52258,Andina,1.406700015,-76.98339844
327,EL TAMBO_CAU,328,CAUCA,19256,Andina,2.534729958,-77.00530243
328,EL TAMBO_NAR,329,NARINO,52260,Andina,1.430150032,-77.3832016
329,EL TARRA,330,NORTE DE SANTANDER,54250,Andina,8.677539825,-73.0318985
330,EL ZULIA,331,NORTE DE SANTANDER,54261,Andina,8.084449768,-72.63110352
331,ELIAS,332,HUILA,41244,Andina,2.006139994,-75.95110321
332,ENCINO,333,SANTANDER,68264,Andina,6.080090046,-73.06259918
333,ENCISO,334,SANTANDER,68266,Andina,6.658249855,-72.68070221
334,ENTRERRIOS,335,ANTIOQUIA,5264,Andina,6.595439911,-75.55960083
335,ENVIGADO,336,ANTIOQUIA,5266,Andina,6.144909859,-75.57009888
336,ESPINAL,337,TOLIMA,73268,Andina,4.166329861,-74.89399719
337,FACATATIVA,338,CUNDINAMARCA,25269,Andina,4.833220005,-74.33920288
338,FALAN,339,TOLIMA,73270,Andina,5.077479839,-74.95850372
339,FILADELFIA,340,CALDAS,17272,Andina,5.286220074,-75.58899689
340,FILANDIA,341,QUINDIO,63272,Andina,4.668859959,-75.67539978
341,FIRAVITOBA,342,BOYACA,15272,Andina,5.67373991,-73.01879883
342,FLANDES,343,TOLIMA,73275,Andina,4.242589951,-74.83750153
343,FLORENCIA_CAQ,344,CAQUETA,18001,Amazonia,1.748289943,-75.5617981
344,FLORENCIA_CAU,345,CAUCA,19290,Andina,1.694370031,-77.08760071
345,FLORESTA,346,BOYACA,15276,Andina,5.859240055,-72.92549896
346,FLORIAN,347,SANTANDER,68271,Andina,5.801420212,-73.9516983
347,FLORIDA,348,VALLE DEL CAUCA,76275,Andina,3.304199934,-76.16619873
348,FLORIDABLANCA,349,SANTANDER,68276,Andina,7.078909874,-73.06880188
349,FOMEQUE,350,CUNDINAMARCA,25279,Andina,4.528729916,-73.79589844
350,FONSECA,351,LA GUAJIRA,44279,Caribe,10.82670021,-72.80069733
351,FORTUL,352,ARAUCA,81300,Orinoquia,6.705379963,-71.82990265
352,FOSCA,353,CUNDINAMARCA,25281,Andina,4.316040039,-73.95020294
353,FRANCISCO PIZARRO (Salahonda),354,NARINO,52520,Andina,2.088249922,-78.59140015
354,FREDONIA,355,ANTIOQUIA,5282,Andina,5.886330128,-75.68049622
355,FRESNO,356,TOLIMA,73283,Andina,5.18682003,-75.05169678
356,FRONTINO,357,ANTIOQUIA,5284,Andina,6.685210228,-76.33429718
357,FUENTE DE ORO,358,META,50287,Orinoquia,3.382780075,-73.59529877
358,FUNDACION,359,MAGDALENA,47288,Caribe,10.45899963,-73.88420105
359,FUNES,360,NARINO,52287,Andina,0.914677978,-77.32920074
360,FUNZA,361,CUNDINAMARCA,25286,Andina,4.742070198,-74.1977005
361,FUQUENE,362,CUNDINAMARCA,25288,Andina,5.412650108,-73.77200317
362,FUSAGASUGA,363,CUNDINAMARCA,25290,Andina,4.318160057,-74.3844986
363,GACHALA,364,CUNDINAMARCA,25293,Andina,4.654769897,-73.51039886
364,GACHANCIPA,365,CUNDINAMARCA,25295,Andina,5.007929802,-73.875
365,GACHANTIVA,366,BOYACA,15293,Andina,5.744760036,-73.54219818
366,GACHETA,367,CUNDINAMARCA,25297,Andina,4.866650105,-73.61849976
367,GALAN,368,SANTANDER,68296,Andina,6.672870159,-73.32489777
368,GALAPA,369,ATLANTICO,8296,Caribe,10.8991003,-74.88710022
369,GALERAS,370,SUCRE,70235,Caribe,9.137350082,-74.98090363
370,GAMA,371,CUNDINAMARCA,25299,Andina,4.723320007,-73.60079956
371,GAMARRA,372,CESAR,20295,Caribe,8.339599609,-73.70570374
372,GAMBITA,373,SANTANDER,68298,Andina,5.925409794,-73.31890106
373,GAMEZA,374,BOYACA,15296,Andina,5.803319931,-72.73509979
374,GARAGOA,375,BOYACA,15299,Andina,5.089540005,-73.31439972
375,GARZON,376,HUILA,41298,Andina,2.172729969,-75.56970215
376,GENOVA,377,QUINDIO,63302,Andina,4.179920197,-75.76110077
377,GIGANTE,378,HUILA,41306,Andina,2.371999979,-75.51730347
378,GINEBRA,379,VALLE DEL CAUCA,76306,Andina,3.744159937,-76.19139862
379,GIRALDO,380,ANTIOQUIA,5306,Andina,6.64673996,-75.95980072
380,GIRARDOT,381,CUNDINAMARCA,25307,Andina,4.339210033,-74.81069946
381,GIRARDOTA,382,ANTIOQUIA,5308,Andina,6.379920006,-75.44799805
382,GIRON,383,SANTANDER,68307,Andina,7.03745985,-73.24990082
383,GOMEZ PLATA,384,ANTIOQUIA,5310,Andina,6.709070206,-75.19259644
384,GONZALEZ,385,CESAR,20310,Caribe,8.403320313,-73.37850189
385,GRAMALOTE,386,NORTE DE SANTANDER,54313,Andina,7.907020092,-72.8062973
386,GRANADA_ANT,387,ANTIOQUIA,5313,Andina,6.123690128,-75.12709808
387,GRANADA_CUN,388,CUNDINAMARCA,25312,Andina,4.525549889,-74.33439636
388,GRANADA_MET,389,META,50313,Orinoquia,3.500129938,-73.74520111
389,GUACA,390,SANTANDER,68318,Andina,6.943130016,-72.82350159
390,GUACAMAYAS,391,BOYACA,15317,Andina,6.445489883,-72.51719666
391,GUACARI,392,VALLE DEL CAUCA,76318,Andina,3.783760071,-76.29429626
392,GUACHENE,393,CAUCA,19300,Andina,3.146150112,-76.39330292
393,GUACHETA,394,CUNDINAMARCA,25317,Andina,5.386149883,-73.69259644
394,GUACHUCAL,395,NARINO,52317,Andina,0.975655973,-77.73739624
395,GUADALUPE_ANT,396,ANTIOQUIA,5315,Andina,6.865300179,-75.22530365
396,GUADALUPE_HUI,397,HUILA,41319,Andina,1.985380054,-75.69760132
397,GUADALUPE_SAN,398,SANTANDER,68320,Andina,6.232769966,-73.40750122
398,GUADUAS,399,CUNDINAMARCA,25320,Andina,5.173989773,-74.6391983
399,GUAITARILLA,400,NARINO,52320,Andina,1.150509953,-77.5306015
400,GUALMATAN,401,NARINO,52323,Andina,0.929035008,-77.58270264
401,GUAMAL_MAG,402,MAGDALENA,47318,Caribe,9.246589661,-74.14309692
402,GUAMAL_MET,403,META,50318,Orinoquia,3.947590113,-73.95909882
403,GUAMO,404,TOLIMA,73319,Andina,4.076210022,-74.97650146
404,GUAPI,405,CAUCA,19318,Andina,2.412919998,-77.69039917
405,GUAPOTA,406,SANTANDER,68322,Andina,6.318049908,-73.32980347
406,GUARANDA,407,SUCRE,70265,Caribe,8.383489609,-74.67389679
407,GUARNE,408,ANTIOQUIA,5318,Andina,6.268330097,-75.43409729
408,GUASCA,409,CUNDINAMARCA,25322,Andina,4.803309917,-73.84629822
409,GUATAPE,410,ANTIOQUIA,5321,Andina,6.246960163,-75.15799713
410,GUATAQUI,411,CUNDINAMARCA,25324,Andina,4.51240015,-74.7818985
411,GUATAVITA,412,CUNDINAMARCA,25326,Andina,4.913169861,-73.78600311
412,GUATEQUE,413,BOYACA,15322,Andina,5.0136199,-73.4858017
413,GUATICA,414,RISARALDA,66318,Andina,5.320580006,-75.80449677
414,GUAVATA,415,SANTANDER,68324,Andina,5.945119858,-73.72270203
415,GUAYABAL DE SIQUIMA,416,CUNDINAMARCA,25328,Andina,4.879920006,-74.48329926
416,GUAYABETAL,417,CUNDINAMARCA,25335,Andina,4.232069969,-73.83570099
417,GUAYATA,418,BOYACA,15325,Andina,4.93132019,-73.49639893
418,GUEPSA,419,SANTANDER,68327,Andina,6.033120155,-73.57839966
419,GUICAN,420,BOYACA,15332,Andina,6.566490173,-72.25489807
420,GUTIERREZ,421,CUNDINAMARCA,25339,Andina,4.167739868,-74.02400208
421,HACARI,422,NORTE DE SANTANDER,54344,Andina,8.362119675,-73.07820129
422,HATILLO DE LOBA,423,BOLIVAR,13300,Caribe,8.98377037,-74.14230347
423,HATO,424,SANTANDER,68344,Andina,6.560460091,-73.36270142
424,HATO COROZAL,425,CASANARE,85125,Orinoquia,6.109960079,-71.13459778
425,HATO NUEVO,426,LA GUAJIRA,44378,Caribe,11.09910011,-72.73280334
426,HELICONIA,427,ANTIOQUIA,5347,Andina,6.214739799,-75.75
427,HERRAN,428,NORTE DE SANTANDER,54347,Andina,7.493629932,-72.49240112
428,HERVEO,429,TOLIMA,73347,Andina,5.068779945,-75.24289703
429,HISPANIA,430,ANTIOQUIA,5353,Andina,5.795350075,-75.90720367
430,HOBO,431,HUILA,41349,Andina,2.542330027,-75.44740295
431,HONDA,432,TOLIMA,73349,Andina,5.179490089,-74.78289795
432,IBAGUE,433,TOLIMA,73001,Andina,4.451729774,-75.25189972
433,ICONONZO,434,TOLIMA,73352,Andina,4.133090019,-74.53919983
434,ILES,435,NARINO,52352,Andina,0.980756998,-77.51930237
435,IMUES,436,NARINO,52354,Andina,1.072739959,-77.50090027
436,INIRIDA,437,GUAINIA,94001,Amazonia,3.319319963,-68.45739746
437,INZA,438,CAUCA,19355,Andina,2.499370098,-76.13770294
438,IPIALES,439,NARINO,52356,Andina,0.562321007,-77.36830139
439,IQUIRA,440,HUILA,41357,Andina,2.693059921,-75.67520142
440,ISNOS,441,HUILA,41359,Andina,2.006079912,-76.24980164
441,ISTMINA,442,CHOCO,27361,Andina,4.73774004,-76.86889648
442,ITAGUI,443,ANTIOQUIA,5360,Andina,6.179810047,-75.61599731
443,ITUANGO,444,ANTIOQUIA,5361,Andina,7.25868988,-75.89700317
444,IZA,445,BOYACA,15362,Andina,5.617119789,-72.96959686
445,JAMBALO,446,CAUCA,19364,Andina,2.850049973,-76.3117981
446,JAMUNDI,447,VALLE DEL CAUCA,76364,Andina,3.212539911,-76.62809753
447,JARDIN,448,ANTIOQUIA,5364,Andina,5.574729919,-75.81900024
448,JENESANO,449,BOYACA,15367,Andina,5.377729893,-73.3769989
449,JERICO_ANT,450,ANTIOQUIA,5368,Andina,5.770030022,-75.76529694
450,JERICO_BOY,451,BOYACA,15368,Andina,6.144519806,-72.58580017
451,JERUSALEN,452,CUNDINAMARCA,25368,Andina,4.570919991,-74.69010162
452,JESUS MARIA,453,SANTANDER,68368,Andina,5.860720158,-73.82540131
453,JORDAN,454,SANTANDER,68370,Andina,6.714950085,-73.10030365
454,JUAN DE ACOSTA,455,ATLANTICO,8372,Caribe,10.82409954,-75.07550049
455,JUNIN,456,CUNDINAMARCA,25372,Andina,4.705279827,-73.69259644
456,JURADO,457,CHOCO,27372,Andina,7.113619804,-77.68489838
457,LA APARTADA,458,CORDOBA,23350,Caribe,8.048780441,-75.28839874
458,LA ARGENTINA,459,HUILA,41378,Andina,2.182189941,-76.11750031
459,LA BELLEZA,460,SANTANDER,68377,Andina,5.910580158,-74.05079651
460,LA CALERA,461,CUNDINAMARCA,25377,Andina,4.70002985,-73.92900085
461,LA CAPILLA,462,BOYACA,15380,Andina,5.113289833,-73.45899963
462,LA CEJA,463,ANTIOQUIA,5376,Andina,5.994329929,-75.43109894
463,LA CELIA,464,RISARALDA,66383,Andina,4.989089966,-76.01059723
464,LA CHORRERA (Cor. Departamental),465,AMAZONAS,91405,Amazonia,-1.241140008,-72.76000214
465,LA CRUZ,466,NARINO,52378,Andina,1.583940029,-76.92350006
466,LA CUMBRE,467,VALLE DEL CAUCA,76377,Andina,3.694180012,-76.59020233
467,LA DORADA,468,CALDAS,17380,Andina,5.547339916,-74.70950317
468,LA ESPERANZA,469,NORTE DE SANTANDER,54385,Andina,7.695869923,-73.35389709
469,LA ESTRELLA,470,ANTIOQUIA,5380,Andina,6.140490055,-75.64990234
470,LA FLORIDA,471,NARINO,52381,Andina,1.334110022,-77.38839722
471,LA GLORIA,472,CESAR,20383,Caribe,8.620389938,-73.62779999
472,LA GUADALUPE (Cor. Departamental),473,GUAINIA,94885,Amazonia,1.406239986,-67.00379944
473,LA JAGUA DE IBIRICO,474,CESAR,20400,Caribe,9.550600052,-73.3259964
474,LA JAGUA DEL PILAR,475,LA GUAJIRA,44420,Caribe,10.45829964,-73.07230377
475,LA LLANADA,476,NARINO,52385,Andina,1.552629948,-77.7016983
476,LA MACARENA,477,META,50350,Orinoquia,2.165790081,-74.09320068
477,LA MERCED,478,CALDAS,17388,Andina,5.393350124,-75.55750275
478,LA MESA,479,CUNDINAMARCA,25386,Andina,4.651199818,-74.47350311
479,LA PALMA,480,CUNDINAMARCA,25394,Andina,5.330210209,-74.40820313
480,LA PAZ_CES,481,CESAR,20621,Caribe,10.16320038,-73.19139862
481,LA PAZ_SAN,482,SANTANDER,68397,Andina,6.222980022,-73.62529755
482,LA PEDRERA (Cor. Departamental),483,AMAZONAS,91407,Amazonia,-1.426990032,-70.03849792
483,LA PENA,484,CUNDINAMARCA,25398,Andina,5.202700138,-74.40879822
484,LA PINTADA,485,ANTIOQUIA,5390,Andina,5.748529911,-75.60189819
485,LA PLATA,486,HUILA,41396,Andina,2.328089952,-76.00099945
486,LA PLAYA,487,NORTE DE SANTANDER,54398,Andina,8.257309914,-73.18830109
487,LA PRIMAVERA,488,VICHADA,99524,Orinoquia,5.523630142,-69.60590363
488,LA SALINA,489,CASANARE,85136,Orinoquia,6.172659874,-72.34619904
489,LA SIERRA,490,CAUCA,19392,Andina,2.187400103,-76.78230286
490,LA TEBAIDA,491,QUINDIO,63401,Andina,4.436190128,-75.81680298
491,LA TOLA,492,NARINO,52390,Andina,2.407190084,-78.20850372
492,LA UNION_ANT,493,ANTIOQUIA,5400,Andina,5.941080093,-75.35359955
493,LA UNION_NAR,494,NARINO,52399,Andina,1.619609952,-77.14299774
494,LA UNION_SUC,495,SUCRE,70400,Caribe,8.811459541,-75.28859711
495,LA UNION_VAL,496,VALLE DEL CAUCA,76400,Andina,4.537139893,-76.1026001
496,LA UVITA,497,BOYACA,15403,Andina,6.264760017,-72.55529785
497,LA VEGA_CAU,498,CAUCA,19397,Andina,2.054090023,-76.75839996
498,LA VEGA_CUN,499,CUNDINAMARCA,25402,Andina,4.977920055,-74.33969879
499,LA VICTORIA (Pacoa) (Cor. Departamental),500,AMAZONAS,91430,Amazonia,-0.114931002,-71.11660004
500,LA VICTORIA_BOY,501,BOYACA,15401,Andina,5.517270088,-74.22879791
501,LA VICTORIA_VAL,502,VALLE DEL CAUCA,76403,Andina,4.483850002,-75.96520233
502,LA VIRGINIA,503,RISARALDA,66400,Andina,4.904459953,-75.85250092
503,LABATECA,504,NORTE DE SANTANDER,54377,Andina,7.265490055,-72.52230072
504,LABRANZAGRANDE,505,BOYACA,15377,Andina,5.540669918,-72.60050201
505,LANDAZURI,506,SANTANDER,68385,Andina,6.331419945,-73.81909943
506,LEBRIJA,507,SANTANDER,68406,Andina,7.203219891,-73.290802
507,LEIVA,508,NARINO,52405,Andina,1.938599944,-77.31199646
508,LEJANIAS,509,META,50400,Orinoquia,3.612519979,-74.09429932
509,LENGUAZAQUE,510,CUNDINAMARCA,25407,Andina,5.302539825,-73.68250275
510,LERIDA,511,TOLIMA,73408,Andina,4.865940094,-74.92299652
511,LETICIA,512,AMAZONAS,91001,Amazonia,-3.530430079,-70.04530334
512,LIBANO,513,TOLIMA,73411,Andina,4.876450062,-75.04789734
513,LIBORINA,514,ANTIOQUIA,5411,Andina,6.724349976,-75.78199768
514,LINARES,515,NARINO,52411,Andina,1.396520019,-77.52059937
515,LLORO,516,CHOCO,27413,Andina,5.585599899,-76.38339996
516,LOPEZ,517,CAUCA,19418,Andina,3.001889944,-77.21880341
517,LORICA,518,CORDOBA,23417,Caribe,9.163880348,-75.9088974
518,LOS ANDES (Sotomayor),519,NARINO,52418,Andina,1.672989964,-77.71099854
519,LOS CORDOBAS,520,CORDOBA,23419,Caribe,8.838020325,-76.29260254
520,LOS PALMITOS,521,SUCRE,70418,Caribe,9.427080154,-75.21489716
521,LOS PATIOS,522,NORTE DE SANTANDER,54405,Andina,7.742519855,-72.52719879
522,LOS SANTOS,523,SANTANDER,68418,Andina,6.812160015,-73.10769653
523,LOURDES,524,NORTE DE SANTANDER,54418,Andina,7.963510036,-72.84700012
524,LURUACO,525,ATLANTICO,8421,Caribe,10.63510036,-75.16000366
525,MACANAL,526,BOYACA,15425,Andina,4.979640007,-73.2940979
526,MACARAVITA,527,SANTANDER,68425,Andina,6.512380123,-72.58599854
527,MACEO,528,ANTIOQUIA,5425,Andina,6.536359787,-74.71900177
528,MACHETA,529,CUNDINAMARCA,25426,Andina,5.039390087,-73.61750031
529,MADRID,530,CUNDINAMARCA,25430,Andina,4.772409916,-74.25959778
530,MAGANGUE,531,BOLIVAR,13430,Caribe,9.169960022,-74.74770355
531,MAGUI (Payan),532,NARINO,52427,Andina,1.906939983,-78.04489899
532,MAHATES,533,BOLIVAR,13433,Caribe,10.17700005,-75.18119812
533,MAICAO,534,LA GUAJIRA,44430,Caribe,11.38080025,-72.29560089
534,MAJAGUAL,535,SUCRE,70429,Caribe,8.544839859,-74.72650146
535,MALAGA,536,SANTANDER,68432,Andina,6.720510006,-72.73799896
536,MALAMBO,537,ATLANTICO,8433,Caribe,10.8494997,-74.80460358
537,MALLAMA (Piedrancha),538,NARINO,52435,Andina,1.155879974,-77.84649658
538,MANATI,539,ATLANTICO,8436,Caribe,10.4538002,-74.98519897
539,MANAURE,540,LA GUAJIRA,44560,Caribe,11.60550022,-72.5714035
540,MANAURE BALCON DEL CESAR,541,CESAR,20443,Caribe,10.39080048,-72.98999786
541,MANI,542,CASANARE,85139,Orinoquia,4.676559925,-72.21389771
542,MANIZALES,543,CALDAS,17001,Andina,5.082809925,-75.5059967
543,MANTA,544,CUNDINAMARCA,25436,Andina,4.978209972,-73.56230164
544,MANZANARES,545,CALDAS,17433,Andina,5.233469963,-75.15309906
545,MAPIRIPAN,546,META,50325,Orinoquia,3.117670059,-71.93969727
546,MAPIRIPANA (Cor. Departamental),547,GUAINIA,94663,Amazonia,2.809689999,-70.26920319
547,MARGARITA,548,BOLIVAR,13440,Caribe,9.054530144,-74.22509766
548,MARIA LA BAJA,549,BOLIVAR,13442,Caribe,9.981800079,-75.34459686
549,MARINILLA,550,ANTIOQUIA,5440,Andina,6.185550213,-75.30460358
550,MARIPI,551,BOYACA,15442,Andina,5.570020199,-74.02149963
551,MARIQUITA,552,TOLIMA,73443,Andina,5.235760212,-74.90650177
552,MARMATO,553,CALDAS,17442,Andina,5.491620064,-75.60289764
553,MARQUETALIA,554,CALDAS,17444,Andina,5.309249878,-75.04019928
554,MARSELLA,555,RISARALDA,66440,Andina,4.943779945,-75.75299835
555,MARULANDA,556,CALDAS,17446,Andina,5.236030102,-75.2826004
556,MATANZA,557,SANTANDER,68444,Andina,7.297629833,-73.04989624
557,MEDELLIN,558,ANTIOQUIA,5001,Andina,6.258450031,-75.61109924
558,MEDINA,559,CUNDINAMARCA,25438,Andina,4.485229969,-73.40570068
559,MEDIO ATRATO (Bete),560,CHOCO,27425,Andina,6.033899784,-76.67359924
560,MEDIO BAUDO (Boca de Pepe),561,CHOCO,27430,Andina,5.110710144,-76.99810028
561,MEDIO SAN JUAN (Andagoya),562,CHOCO,27450,Andina,4.814060211,-76.80480194
562,MELGAR,563,TOLIMA,73449,Andina,4.186759949,-74.63780212
563,MERCADERES,564,CAUCA,19450,Andina,1.794049978,-77.18029785
564,MESETAS,565,META,50330,Orinoquia,3.150099993,-74.12290192
565,MILAN,566,CAQUETA,18460,Amazonia,1.143180013,-75.3832016
566,MIRAFLORES_BOY,567,BOYACA,15455,Andina,5.151500225,-73.18049622
567,MIRAFLORES_GUA,568,GUAVIARE,95200,Amazonia,1.36503005,-72.01860046
568,MIRANDA,569,CAUCA,19455,Andina,3.228490114,-76.2181015
569,MIRITI-PARANA (Campoamor) (Cor. Departamental),570,AMAZONAS,91460,Amazonia,-0.68590498,-71.18599701
570,MISTRATO,571,RISARALDA,66456,Andina,5.414279938,-75.96009827
571,MITU,572,VAUPES,97001,Amazonia,1.01801002,-70.41660309
572,MOCOA,573,PUTUMAYO,86001,Amazonia,1.222800016,-76.67970276
573,MOGOTES,574,SANTANDER,68464,Andina,6.491839886,-72.95850372
574,MOLAGAVITA,575,SANTANDER,68468,Andina,6.643630028,-72.81919861
575,MOMIL,576,CORDOBA,23464,Caribe,9.266949654,-75.6427002
576,MOMPOS,577,BOLIVAR,13468,Caribe,9.14260006,-74.54519653
577,MONGUA,578,BOYACA,15464,Andina,5.708600044,-72.69339752
578,MONGUI,579,BOYACA,15466,Andina,5.69698,-72.83200073
579,MONIQUIRA,580,BOYACA,15469,Andina,5.862289906,-73.55919647
580,MONITOS,581,CORDOBA,23500,Caribe,9.191029549,-76.11910248
581,MONTANITA,582,CAQUETA,18410,Amazonia,1.302850008,-75.23490143
582,MONTEBELLO,583,ANTIOQUIA,5467,Andina,5.9176898,-75.5196991
583,MONTECRISTO,584,BOLIVAR,13458,Caribe,8.022109985,-74.46399689
584,MONTELIBANO,585,CORDOBA,23466,Caribe,7.884960175,-75.76200104
585,MONTENEGRO,586,QUINDIO,63470,Andina,4.522369862,-75.81770325
586,MONTERIA,587,CORDOBA,23001,Caribe,8.585229874,-75.95680237
587,MONTERREY,588,CASANARE,85162,Orinoquia,4.840750217,-72.84580231
588,MORALES_BOL,589,BOLIVAR,13473,Caribe,8.252240181,-73.97239685
589,MORALES_CAU,590,CAUCA,19473,Andina,2.814549923,-76.75160217
590,MORELIA,591,CAQUETA,18479,Amazonia,1.378579974,-75.67299652
591,MORICHAL (Morichal Nuevo) (Cor. Departamental),592,GUAINIA,94888,Amazonia,2.421869993,-69.84059906
592,MORROA,593,SUCRE,70473,Caribe,9.391269684,-75.32800293
593,MOSQUERA_CUN,594,CUNDINAMARCA,25473,Andina,4.671619892,-74.23509979
594,MOSQUERA_NAR,595,NARINO,52473,Andina,2.436310053,-78.43990326
595,MOTAVITA,596,BOYACA,15476,Andina,5.605539799,-73.37709808
596,MURILLO,597,TOLIMA,73461,Andina,4.825429916,-75.2193985
597,MURINDO,598,ANTIOQUIA,5475,Andina,6.82874012,-76.70870209
598,MUTATA,599,ANTIOQUIA,5480,Andina,7.339190006,-76.49089813
599,MUTISCUA,600,NORTE DE SANTANDER,54480,Andina,7.317090034,-72.7684021
600,MUZO,601,BOYACA,15480,Andina,5.524960041,-74.1160965
601,NARINO_ANT,602,ANTIOQUIA,5483,Andina,5.581510067,-75.19309998
602,NARINO_CUN,603,CUNDINAMARCA,25483,Andina,4.407440186,-74.80670166
603,NARINO_NAR,604,NARINO,52480,Andina,1.303879976,-77.34619904
604,NATAGA,605,HUILA,41483,Andina,2.576610088,-75.78749847
605,NATAGAIMA,606,TOLIMA,73483,Andina,3.540800095,-75.12210083
606,NECHI,607,ANTIOQUIA,5495,Andina,7.991149902,-74.79370117
607,NECOCLI,608,ANTIOQUIA,5490,Andina,8.492980003,-76.67459869
608,NEIRA,609,CALDAS,17486,Andina,5.183350086,-75.50700378
609,NEIVA,610,HUILA,41001,Andina,3.009040117,-75.28780365
610,NEMOCON,611,CUNDINAMARCA,25486,Andina,5.096570015,-73.88110352
611,NILO,612,CUNDINAMARCA,25488,Andina,4.2948699,-74.61489868
612,NIMAIMA,613,CUNDINAMARCA,25489,Andina,5.134459972,-74.39620209
613,NOBSA,614,BOYACA,15491,Andina,5.778749943,-72.93370056
614,NOCAIMA,615,CUNDINAMARCA,25491,Andina,5.067279816,-74.39050293
615,NORCASIA,616,CALDAS,17495,Andina,5.638309956,-74.85420227
616,NOROSI,617,BOLIVAR,13490,Caribe,8.505840302,-74.11660004
617,NOVITA,618,CHOCO,27491,Andina,4.85352993,-76.61810303
618,NUEVA GRANADA (Granada),619,MAGDALENA,47460,Caribe,9.739580154,-74.33200073
619,NUEVO COLON,620,BOYACA,15494,Andina,5.353829861,-73.4489975
620,NUNCHIA,621,CASANARE,85225,Orinoquia,5.531459808,-72.09880066
621,NUQUI,622,CHOCO,27495,Andina,5.686940193,-77.29360199
622,OBANDO,623,VALLE DEL CAUCA,76497,Andina,4.59758997,-75.95069885
623,OCAMONTE,624,SANTANDER,68498,Andina,6.355790138,-73.12249756
624,OCANA,625,NORTE DE SANTANDER,54498,Andina,8.231269836,-73.35269928
625,OIBA,626,SANTANDER,68500,Andina,6.224770069,-73.2779007
626,OICATA,627,BOYACA,15500,Andina,5.610929966,-73.28009796
627,OLAYA,628,ANTIOQUIA,5501,Andina,6.612339973,-75.77570343
628,OLAYA HERRERA (Bocas de Satinga),629,NARINO,52490,Andina,2.284080029,-78.29429626
629,ONZAGA,630,SANTANDER,68502,Andina,6.334859848,-72.81210327
630,OPORAPA,631,HUILA,41503,Andina,2.059740067,-76.03900146
631,ORITO,632,PUTUMAYO,86320,Amazonia,0.672888994,-76.94319916
632,OROCUE,633,CASANARE,85230,Orinoquia,4.915609837,-71.60089874
633,ORTEGA,634,TOLIMA,73504,Andina,3.93708992,-75.27610016
634,OSPINA,635,NARINO,52506,Andina,1.030030012,-77.55239868
635,OTANCHE,636,BOYACA,15507,Andina,5.747310162,-74.19609833
636,OVEJAS,637,SUCRE,70508,Caribe,9.550350189,-75.18520355
637,PACHAVITA,638,BOYACA,15511,Andina,5.148310184,-73.39969635
638,PACHO,639,CUNDINAMARCA,25513,Andina,5.169139862,-74.16419983
639,PACOA (Cor. Departamental),640,VAUPES,97511,Amazonia,0.228652999,-70.97219849
640,PACORA,641,CALDAS,17513,Andina,5.500279903,-75.48220062
641,PADILLA,642,CAUCA,19513,Andina,3.194819927,-76.3361969
642,PAEZ,643,BOYACA,15514,Andina,5.09525013,-73.00460052
643,PAEZ (Belalcazar),644,CAUCA,19517,Andina,2.728149891,-75.99900055
644,PAICOL,645,HUILA,41518,Andina,2.406640053,-75.72810364
645,PAILITAS,646,CESAR,20517,Caribe,8.939249992,-73.57620239
646,PAIME,647,CUNDINAMARCA,25518,Andina,5.388050079,-74.16390228
647,PAIPA,648,BOYACA,15516,Andina,5.829239845,-73.14070129
648,PAJARITO,649,BOYACA,15518,Andina,5.3821702,-72.69490051
649,PALERMO,650,HUILA,41524,Andina,2.911829948,-75.43769836
650,PALESTINA_CAL,651,CALDAS,17524,Andina,5.049550056,-75.66220093
651,PALESTINA_HUI,652,HUILA,41530,Andina,1.682669997,-76.14679718
652,PALMAR,653,SANTANDER,68522,Andina,6.524759769,-73.28919983
653,PALMAR DE VARELA,654,ATLANTICO,8520,Caribe,10.69169998,-74.76650238
654,PALMAS DEL SOCORRO,655,SANTANDER,68524,Andina,6.391789913,-73.28250122
655,PALMIRA,656,VALLE DEL CAUCA,76520,Andina,3.558480024,-76.22750092
656,PALMITO,657,SUCRE,70523,Caribe,9.340060234,-75.57160187
657,PALOCABILDO,658,TOLIMA,73520,Andina,5.091310024,-75.01899719
658,PAMPLONA,659,NORTE DE SANTANDER,54518,Andina,7.379230022,-72.67569733
659,PAMPLONITA,660,NORTE DE SANTANDER,54520,Andina,7.483009815,-72.6352005
660,PANA PANA (Campo Alegre) (Cor. Departamental),661,GUAINIA,94887,Amazonia,1.981969953,-69.11660004
661,PANDI,662,CUNDINAMARCA,25524,Andina,4.171360016,-74.46910095
662,PANQUEBA,663,BOYACA,15522,Andina,6.443880081,-72.46170044
663,PAPUNAUA (Cor. Departamental),664,VAUPES,97777,Amazonia,1.682389975,-70.70760345
664,PARAMO,665,SANTANDER,68533,Andina,6.41629982,-73.17160034
665,PARATEBUENO,666,CUNDINAMARCA,25530,Andina,4.451910019,-73.18810272
666,PASCA,667,CUNDINAMARCA,25535,Andina,4.295460224,-74.27079773
667,PASTO,668,NARINO,52001,Andina,1.07814002,-77.20310211
668,PATIA  (El Bordo),669,CAUCA,19532,Andina,2.148420095,-77.05789948
669,PAUNA,670,BOYACA,15531,Andina,5.685919762,-74.00309753
670,PAYA,671,BOYACA,15533,Andina,5.633039951,-72.37550354
671,PAZ DE ARIPORO,672,CASANARE,85250,Orinoquia,5.780489922,-70.87059784
672,PAZ DE RIO,673,BOYACA,15537,Andina,6.029009819,-72.76730347
673,PEDRAZA,674,MAGDALENA,47541,Caribe,10.1541996,-74.83059692
674,PELAYA,675,CESAR,20550,Caribe,8.764129639,-73.63310242
675,PENOL,676,ANTIOQUIA,5541,Andina,6.246389866,-75.22100067
676,PENSILVANIA,677,CALDAS,17541,Andina,5.407979965,-75.16600037
677,PEQUE,678,ANTIOQUIA,5543,Andina,7.044050217,-75.88939667
678,PEREIRA,679,RISARALDA,66001,Andina,4.781360149,-75.71360016
679,PESCA,680,BOYACA,15542,Andina,5.495150089,-73.082901
680,PIAMONTE,681,CAUCA,19533,Andina,1.152279973,-76.30560303
681,PIEDECUESTA,682,SANTANDER,68547,Andina,6.962830067,-73.00550079
682,PIEDRAS,683,TOLIMA,73547,Andina,4.487579823,-74.9197998
683,PIENDAMO,684,CAUCA,19548,Andina,2.714819908,-76.56479645
684,PIJAO,685,QUINDIO,63548,Andina,4.303170204,-75.68309784
685,PIJINO  DEL CARMEN,686,MAGDALENA,47545,Caribe,9.521670341,-74.16429901
686,PINCHOTE,687,SANTANDER,68549,Andina,6.51526022,-73.17430115
687,PINILLOS,688,BOLIVAR,13549,Caribe,8.871999741,-74.3859024
688,PIOJO,689,ATLANTICO,8549,Caribe,10.74120045,-75.14499664
689,PISVA,690,BOYACA,15550,Andina,5.744760036,-72.44589996
690,PITAL,691,HUILA,41548,Andina,2.259340048,-75.83029938
691,PITALITO,692,HUILA,41551,Andina,1.820039988,-76.12129974
692,PIVIJAY,693,MAGDALENA,47551,Caribe,10.43449974,-74.41239929
693,PLANADAS,694,TOLIMA,73555,Andina,3.099270105,-75.8167038
694,PLANETA RICA,695,CORDOBA,23555,Caribe,8.295749664,-75.61540222
695,PLATO,696,MAGDALENA,47555,Caribe,9.767800331,-74.60279846
696,POLICARPA,697,NARINO,52540,Andina,1.735669971,-77.48190308
697,POLONUEVO,698,ATLANTICO,8558,Caribe,10.76809978,-74.85410309
698,PONEDERA,699,ATLANTICO,8560,Caribe,10.59420013,-74.7990036
699,POPAYAN,700,CAUCA,19001,Andina,2.471800089,-76.59210205
700,PORE,701,CASANARE,85263,Orinoquia,5.662940025,-71.92430115
701,POTOSI,702,NARINO,52560,Andina,0.725467026,-77.4272995
702,PRADERA,703,VALLE DEL CAUCA,76563,Andina,3.420730114,-76.17849731
703,PRADO,704,TOLIMA,73563,Andina,3.728219986,-74.87190247
704,PROVIDENCIA,705,NARINO,52565,Andina,1.232830048,-77.59809875
705,PROVIDENCIA Y SANTA CATALINA (Santa Isabel),706,ARCHIPIELAGO DE SAN ANDRES,88564,Caribe,13.35379982,-81.37719727
706,PUEBLO BELLO,707,CESAR,20570,Caribe,10.46829987,-73.58789825
707,PUEBLO NUEVO,708,CORDOBA,23570,Caribe,8.479399681,-75.40850067
708,PUEBLO RICO,709,RISARALDA,66572,Andina,5.286859989,-76.07299805
709,PUEBLO VIEJO,710,MAGDALENA,47570,Caribe,10.84780025,-74.36060333
710,PUEBLORRICO,711,ANTIOQUIA,5576,Andina,5.81028986,-75.86119843
711,PUENTE NACIONAL,712,SANTANDER,68572,Andina,5.83134985,-73.67880249
712,PUERRES,713,NARINO,52573,Andina,0.826618016,-77.32240295
713,PUERTO ALEGRIA (Cor. Departamental),714,AMAZONAS,91530,Amazonia,-0.951237977,-73.75460052
714,PUERTO ARICA (Cor. Departamental),715,AMAZONAS,91536,Amazonia,-1.906990051,-71.14800262
715,PUERTO ASIS,716,PUTUMAYO,86568,Amazonia,0.479104996,-76.32720184
716,PUERTO BERRIO,717,ANTIOQUIA,5579,Andina,6.481589794,-74.52829742
717,PUERTO BOYACA,718,BOYACA,15572,Andina,5.954510212,-74.45310211
718,PUERTO CAICEDO,719,PUTUMAYO,86569,Amazonia,0.724445999,-76.48059845
719,PUERTO CARRENO,720,VICHADA,99001,Orinoquia,5.836850166,-68.14109802
720,PUERTO COLOMBIA,721,ATLANTICO,8573,Caribe,11.00440025,-74.90830231
721,PUERTO COLOMBIA (Cor. Departamental),722,GUAINIA,94884,Amazonia,2.507499933,-68.20929718
722,PUERTO CONCORDIA,723,META,50450,Orinoquia,2.751480103,-72.72309875
723,PUERTO ESCONDIDO,724,CORDOBA,23574,Caribe,8.987500191,-76.18520355
724,PUERTO GAITAN,725,META,50568,Orinoquia,4.006010056,-71.63110352
725,PUERTO GUZMAN,726,PUTUMAYO,86571,Amazonia,0.744922996,-75.87640381
726,PUERTO LEGUIZAMO,727,PUTUMAYO,86573,Amazonia,0.061748099,-75.06400299
727,PUERTO LIBERTADOR,728,CORDOBA,23580,Caribe,7.711339951,-75.77030182
728,PUERTO LLERAS,729,META,50577,Orinoquia,3.192409992,-73.23449707
729,PUERTO LOPEZ,730,META,50573,Orinoquia,4.014420033,-72.64289856
730,PUERTO NARE,731,ANTIOQUIA,5585,Andina,6.139339924,-74.68409729
731,PUERTO NARINO,732,AMAZONAS,91540,Amazonia,-3.633729935,-70.47160339
732,PUERTO PARRA,733,SANTANDER,68573,Andina,6.685329914,-73.9571991
733,PUERTO RICO_CAQ,734,CAQUETA,18592,Amazonia,2.017469883,-75.07319641
734,PUERTO RICO_MET,735,META,50590,Orinoquia,2.756969929,-73.13939667
735,PUERTO RONDON,736,ARAUCA,81591,Orinoquia,6.41094017,-70.96820068
736,PUERTO SALGAR,737,CUNDINAMARCA,25572,Andina,5.620510101,-74.57949829
737,PUERTO SANTANDER,738,NORTE DE SANTANDER,54553,Andina,8.328940392,-72.41110229
738,PUERTO TEJADA,739,CAUCA,19573,Andina,3.266560078,-76.41880035
739,PUERTO TRIUNFO,740,ANTIOQUIA,5591,Andina,5.955120087,-74.686203
740,PUERTO WILCHES,741,SANTANDER,68575,Andina,7.581049919,-73.78510284
741,PULI,742,CUNDINAMARCA,25580,Andina,4.691609859,-74.67949677
742,PUPIALES,743,NARINO,52585,Andina,0.916489005,-77.6339035
743,PURACE (Coconuco),744,CAUCA,19585,Andina,2.27177,-76.45870209
744,PURIFICACION,745,TOLIMA,73585,Andina,3.85345006,-74.87580109
745,PURISIMA,746,CORDOBA,23586,Caribe,9.271650314,-75.72930145
746,QUEBRADANEGRA,747,CUNDINAMARCA,25592,Andina,5.099490166,-74.49440002
747,QUETAME,748,CUNDINAMARCA,25594,Andina,4.336740017,-73.85030365
748,QUIBDO,749,CHOCO,27001,Andina,5.938809872,-76.66359711
749,QUIMBAYA,750,QUINDIO,63594,Andina,4.610429764,-75.79139709
750,QUINCHIA,751,RISARALDA,66594,Andina,5.323900223,-75.70890045
751,QUIPAMA,752,BOYACA,15580,Andina,5.5583601,-74.21600342
752,QUIPILE,753,CUNDINAMARCA,25596,Andina,4.71529007,-74.55419922
753,RAGONVALIA,754,NORTE DE SANTANDER,54599,Andina,7.59566021,-72.50759888
754,RAMIRIQUI,755,BOYACA,15599,Andina,5.320700169,-73.31130219
755,RAQUIRA,756,BOYACA,15600,Andina,5.493909836,-73.62729645
756,RECETOR,757,CASANARE,85279,Orinoquia,5.266429901,-72.77149963
757,REGIDOR,758,BOLIVAR,13580,Caribe,8.724880219,-73.84490204
758,REMEDIOS,759,ANTIOQUIA,5604,Andina,6.998069763,-74.55799866
759,REMOLINO,760,MAGDALENA,47605,Caribe,10.64859962,-74.58110046
760,REPELON,761,ATLANTICO,8606,Caribe,10.50640011,-75.12110138
761,RESTREPO_MET,762,META,50606,Orinoquia,4.237989902,-73.47380066
762,RESTREPO_VAL,763,VALLE DEL CAUCA,76606,Andina,3.806020021,-76.53540039
763,RETIRO,764,ANTIOQUIA,5607,Andina,6.069560051,-75.5134964
764,RICAURTE_CUN,765,CUNDINAMARCA,25612,Andina,4.307750225,-74.72989655
765,RICAURTE_NAR,766,NARINO,52612,Andina,1.202610016,-78.04759979
766,RIO DE ORO,767,CESAR,20614,Caribe,8.201129913,-73.48739624
767,RIO IRO (Santa Rita),768,CHOCO,27580,Andina,5.164380074,-76.49019623
768,RIO QUITO (Paimado),769,CHOCO,27600,Andina,5.566589832,-76.8105011
769,RIOBLANCO,770,TOLIMA,73616,Andina,3.4681499,-75.85469818
770,RIOFRIO,771,VALLE DEL CAUCA,76616,Andina,4.110640049,-76.36849976
771,RIOHACHA,772,LA GUAJIRA,44001,Caribe,11.24330044,-72.95850372
772,RIONEGRO_ANT,773,ANTIOQUIA,5615,Andina,6.151329994,-75.41010284
773,RIONEGRO_SAN,774,SANTANDER,68615,Andina,7.470320225,-73.34570313
774,RIOSUCIO_CAL,775,CALDAS,17614,Andina,5.44630003,-75.75450134
775,RIOSUCIO_CHO,776,CHOCO,27615,Andina,7.387229919,-77.26029968
776,RIOVIEJO,777,BOLIVAR,13600,Caribe,8.491680145,-73.99459839
777,RISARALDA,778,CALDAS,17616,Andina,5.111989975,-75.7589035
778,RIVERA,779,HUILA,41615,Andina,2.776649952,-75.20300293
779,ROBERTO PAYAN (San Jose),780,NARINO,52621,Andina,1.897809982,-78.3812027
780,ROLDANILLO,781,VALLE DEL CAUCA,76622,Andina,4.443039894,-76.1690979
781,RONCESVALLES,782,TOLIMA,73622,Andina,4.097330093,-75.59500122
782,RONDON,783,BOYACA,15621,Andina,5.360799789,-73.20539856
783,ROSAS,784,CAUCA,19622,Andina,2.250890017,-76.75309753
784,ROVIRA,785,TOLIMA,73624,Andina,4.215010166,-75.34870148
785,SABANA DE TORRES,786,SANTANDER,68655,Andina,7.400569916,-73.56700134
786,SABANAGRANDE,787,ATLANTICO,8634,Caribe,10.79959965,-74.76959991
787,SABANALARGA_ANT,788,ANTIOQUIA,5628,Andina,6.901229858,-75.79180145
788,SABANALARGA_ATL,789,ATLANTICO,8638,Caribe,10.62150002,-74.95600128
789,SABANALARGA_CAS,790,CASANARE,85300,Orinoquia,4.808469772,-72.99469757
790,SABANAS DE SAN ANGEL (San Angel),791,MAGDALENA,47660,Caribe,10.10449982,-74.26319885
791,SABANETA,792,ANTIOQUIA,5631,Andina,6.138000011,-75.6085968
792,SABOYA,793,BOYACA,15632,Andina,5.699279785,-73.7480011
793,SACAMA,794,CASANARE,85315,Orinoquia,6.050300121,-72.21130371
794,SACHICA,795,BOYACA,15638,Andina,5.574409962,-73.54340363
795,SAHAGUN,796,CORDOBA,23660,Caribe,8.797639847,-75.43000031
796,SALADOBLANCO,797,HUILA,41660,Andina,2.100490093,-76.22699738
797,SALAMINA_CAL,798,CALDAS,17653,Andina,5.370130062,-75.40920258
798,SALAMINA_MAG,799,MAGDALENA,47675,Caribe,10.51490021,-74.72309875
799,SALAZAR,800,NORTE DE SANTANDER,54660,Andina,7.773220062,-72.86789703
800,SALDANA,801,TOLIMA,73671,Andina,3.911159992,-75.02110291
801,SALENTO,802,QUINDIO,63690,Andina,4.611289978,-75.5306015
802,SALGAR,803,ANTIOQUIA,5642,Andina,5.969960213,-75.98269653
803,SAMACA,804,BOYACA,15646,Andina,5.470149994,-73.52210236
804,SAMANA,805,CALDAS,17662,Andina,5.540440083,-74.99310303
805,SAMANIEGO,806,NARINO,52678,Andina,1.431049943,-77.69249725
806,SAMPUES,807,SUCRE,70670,Caribe,9.169859886,-75.36190033
807,SAN AGUSTIN,808,HUILA,41668,Andina,1.923720002,-76.41609955
808,SAN ALBERTO,809,CESAR,20710,Caribe,7.814539909,-73.45349884
809,SAN ANDRES DE SOTAVENTO,810,CORDOBA,23670,Caribe,9.126029968,-75.5134964
810,SAN ANDRES_ANT,811,ANTIOQUIA,5647,Andina,6.918200016,-75.66539764
811,SAN ANDRES_ARC,812,ARCHIPIELAGO DE SAN ANDRES,88001,Caribe,12.54570007,-81.72070313
812,SAN ANDRES_SAN,813,SANTANDER,68669,Andina,6.79651022,-72.81549835
813,SAN ANTERO,814,CORDOBA,23672,Caribe,9.362259865,-75.78359985
814,SAN ANTONIO,815,TOLIMA,73675,Andina,3.956840038,-75.49700165
815,SAN ANTONIO DEL TEQUENDAMA,816,CUNDINAMARCA,25645,Andina,4.599939823,-74.34369659
816,SAN BENITO,817,SANTANDER,68673,Andina,6.101250172,-73.52729797
817,SAN BENITO ABAD,818,SUCRE,70678,Caribe,8.840860367,-74.9733963
818,SAN BERNARDO DEL VIENTO,819,CORDOBA,23675,Caribe,9.327010155,-75.9713974
819,SAN BERNARDO_CUN,820,CUNDINAMARCA,25649,Andina,4.139410019,-74.35220337
820,SAN BERNARDO_NAR,821,NARINO,52685,Andina,1.531080008,-77.02100372
821,SAN CALIXTO,822,NORTE DE SANTANDER,54670,Andina,8.454870224,-73.15820313
822,SAN CARLOS DE GUAROA,823,META,50680,Orinoquia,3.847419977,-73.27600098
823,SAN CARLOS_ANT,824,ANTIOQUIA,5649,Andina,6.19367981,-74.90670013
824,SAN CARLOS_COR,825,CORDOBA,23678,Caribe,8.704139709,-75.68930054
825,SAN CAYETANO_CUN,826,CUNDINAMARCA,25653,Andina,5.314579964,-74.07080078
826,SAN CAYETANO_NOR,827,NORTE DE SANTANDER,54673,Andina,7.846260071,-72.60980225
827,SAN CRISTOBAL,828,BOLIVAR,13620,Caribe,10.37020016,-75.07379913
828,SAN DIEGO,829,CESAR,20750,Caribe,10.16880035,-73.28919983
829,SAN EDUARDO,830,BOYACA,15660,Andina,5.236179829,-73.04889679
830,SAN ESTANISLAO,831,BOLIVAR,13647,Caribe,10.36489964,-75.20469666
831,SAN FELIPE (Cor. Departamental),832,GUAINIA,94883,Amazonia,2.146889925,-67.34210205
832,SAN FERNANDO,833,BOLIVAR,13650,Caribe,9.091389656,-74.3585968
833,SAN FRANCISCO_ANT,834,ANTIOQUIA,5652,Andina,5.879909992,-74.97699738
834,SAN FRANCISCO_CUN,835,CUNDINAMARCA,25658,Andina,4.964809895,-74.27110291
835,SAN FRANCISCO_PUT,836,PUTUMAYO,86755,Amazonia,1.136350036,-76.84750366
836,SAN GIL,837,SANTANDER,68679,Andina,6.550899982,-73.11820221
837,SAN JACINTO,838,BOLIVAR,13654,Caribe,9.835189819,-75.10399628
838,SAN JACINTO DEL CAUCA,839,BOLIVAR,13655,Caribe,8.238120079,-74.66929626
839,SAN JERONIMO,840,ANTIOQUIA,5656,Andina,6.43844986,-75.70420074
840,SAN JOAQUIN,841,SANTANDER,68682,Andina,6.45953989,-72.85469818
841,SAN JOSE,842,CALDAS,17665,Andina,5.069809914,-75.8132019
842,SAN JOSE DE LA MONTANA,843,ANTIOQUIA,5658,Andina,6.823560238,-75.6785965
843,SAN JOSE DE MIRANDA,844,SANTANDER,68684,Andina,6.629230022,-72.73970032
844,SAN JOSE DE PARE,845,BOYACA,15664,Andina,5.994400024,-73.54350281
845,SAN JOSE DE URE,846,CORDOBA,23682,Caribe,7.756130219,-75.56559753
846,SAN JOSE DEL FRAGUA,847,CAQUETA,18610,Amazonia,1.313189983,-76.11530304
847,SAN JOSE DEL GUAVIARE,848,GUAVIARE,95001,Amazonia,2.482270002,-71.92690277
848,SAN JOSE DEL PALMAR,849,CHOCO,27660,Andina,4.958220005,-76.2806015
849,SAN JUAN DE ARAMA,850,META,50683,Orinoquia,3.290040016,-73.81569672
850,SAN JUAN DE BETULIA,851,SUCRE,70702,Caribe,9.290599823,-75.21369934
851,SAN JUAN DE RIOSECO,852,CUNDINAMARCA,25662,Andina,4.840879917,-74.65859985
852,SAN JUAN DE URABA,853,ANTIOQUIA,5659,Andina,8.707039833,-76.5326004
853,SAN JUAN DEL CESAR,854,LA GUAJIRA,44650,Caribe,10.81289959,-73.08499908
854,SAN JUAN NEPOMUCENO,855,BOLIVAR,13657,Caribe,9.96805954,-75.06510162
855,SAN JUANITO,856,META,50686,Orinoquia,4.471169949,-73.66069794
856,SAN LORENZO,857,NARINO,52687,Andina,1.542850018,-77.21880341
857,SAN LUIS DE GACENO,858,BOYACA,15667,Andina,4.815330029,-73.123703
858,SAN LUIS DE PALENQUE,859,CASANARE,85325,Orinoquia,5.232329845,-71.59429932
859,SAN LUIS_ANT,860,ANTIOQUIA,5660,Andina,6.019690037,-74.93779755
860,SAN LUIS_TOL,861,TOLIMA,73678,Andina,4.129879951,-75.11219788
861,SAN MARCOS,862,SUCRE,70708,Caribe,8.581020355,-75.18280029
862,SAN MARTIN DE LOBA,863,BOLIVAR,13667,Caribe,8.782739639,-74.00640106
863,SAN MARTIN_CES,864,CESAR,20770,Caribe,7.937610149,-73.54429626
864,SAN MARTIN_MET,865,META,50689,Orinoquia,3.536170006,-72.98449707
865,SAN MATEO,866,BOYACA,15673,Andina,6.406740189,-72.56030273
866,SAN MIGUEL,867,SANTANDER,68686,Andina,6.567080021,-72.64350128
867,SAN MIGUEL (La Dorada),868,PUTUMAYO,86757,Amazonia,0.306504995,-76.85759735
868,SAN MIGUEL DE SEMA,869,BOYACA,15676,Andina,5.529970169,-73.75019836
869,SAN ONOFRE,870,SUCRE,70713,Caribe,9.814189911,-75.498703
870,SAN PABLO DE BORBUR,871,BOYACA,15681,Andina,5.676380157,-74.1072998
871,SAN PABLO_BOL,872,BOLIVAR,13670,Caribe,7.422110081,-74.1384964
872,SAN PABLO_NAR,873,NARINO,52693,Andina,1.681699991,-76.97530365
873,SAN PEDRO DE CARTAGO (Cartago),874,NARINO,52694,Andina,1.537129998,-77.10119629
874,SAN PEDRO DE URABA,875,ANTIOQUIA,5665,Andina,8.371939659,-76.31970215
875,SAN PEDRO_ANT,876,ANTIOQUIA,5664,Andina,6.458610058,-75.56269836
876,SAN PEDRO_SUC,877,SUCRE,70717,Caribe,9.395890236,-75.03530121
877,SAN PEDRO_VAL,878,VALLE DEL CAUCA,76670,Andina,3.981849909,-76.2059021
878,SAN PELAYO,879,CORDOBA,23686,Caribe,8.989569664,-75.91049957
879,SAN RAFAEL,880,ANTIOQUIA,5667,Andina,6.310339928,-74.99770355
880,SAN ROQUE,881,ANTIOQUIA,5670,Andina,6.448589802,-74.93199921
881,SAN SEBASTIAN,882,CAUCA,19693,Andina,1.85600996,-76.71700287
882,SAN SEBASTIAN DE BUENAVISTA,883,MAGDALENA,47692,Caribe,9.353349686,-74.20069885
883,SAN VICENTE,884,ANTIOQUIA,5674,Andina,6.311620235,-75.32420349
884,SAN VICENTE DE CHUCURI,885,SANTANDER,68689,Andina,6.894730091,-73.54029846
885,SAN VICENTE DEL CAGUAN,886,CAQUETA,18753,Amazonia,1.565099955,-74.25710297
886,SAN ZENON,887,MAGDALENA,47703,Caribe,9.325050354,-74.36060333
887,SANDONA,888,NARINO,52683,Andina,1.288779974,-77.45709991
888,SANTA ANA,889,MAGDALENA,47707,Caribe,9.518779755,-74.34069824
889,SANTA BARBARA (Iscuande),890,NARINO,52696,Andina,2.296240091,-77.87000275
890,SANTA BARBARA DE PINTO,891,MAGDALENA,47720,Caribe,9.521730423,-74.65029907
891,SANTA BARBARA_ANT,892,ANTIOQUIA,5679,Andina,5.886060238,-75.58519745
892,SANTA BARBARA_SAN,893,SANTANDER,68705,Andina,6.965069771,-72.90709686
893,SANTA CATALINA_BOL,895,BOLIVAR,13673,Caribe,10.64620018,-75.26629639
894,SANTA CRUZ (Guachaves),896,NARINO,52699,Andina,1.285640001,-77.74479675
895,SANTA FE DE ANTIOQUIA,897,ANTIOQUIA,5042,Andina,6.529399872,-75.89839935
896,SANTA HELENA DEL OPON,898,SANTANDER,68720,Andina,6.409200191,-73.58190155
897,SANTA ISABEL,899,TOLIMA,73686,Andina,4.727049828,-75.20749664
898,SANTA LUCIA,900,ATLANTICO,8675,Caribe,10.35239983,-74.96379852
899,SANTA MARIA_BOY,901,BOYACA,15690,Andina,4.822790146,-73.25370026
900,SANTA MARIA_HUI,902,HUILA,41676,Andina,2.926460028,-75.63349915
901,SANTA MARTA (Distrito Turistico Cultural e Historico),903,MAGDALENA,47001,Caribe,11.12209988,-73.88539886
902,SANTA ROSA DE CABAL,904,RISARALDA,66682,Andina,4.833439827,-75.54920197
903,SANTA ROSA DE OSOS,905,ANTIOQUIA,5686,Andina,6.676030159,-75.43910217
904,SANTA ROSA DE VITERBO,906,BOYACA,15693,Andina,5.89289999,-72.99389648
905,SANTA ROSA DEL SUR,907,BOLIVAR,13688,Caribe,7.772679806,-74.26260376
906,SANTA ROSA_BOL,908,BOLIVAR,13683,Caribe,10.46889973,-75.36090088
907,SANTA ROSA_CAU,909,CAUCA,19701,Andina,1.520130038,-76.53949738
908,SANTA ROSALIA,910,VICHADA,99624,Orinoquia,4.986279964,-70.64849854
909,SANTA SOFIA,911,BOYACA,15696,Andina,5.730889797,-73.60269928
910,SANTANA,912,BOYACA,15686,Andina,6.058730125,-73.48639679
911,SANTANDER (Araracuara) (Cor. Departamental),913,AMAZONAS,91669,Amazonia,-1.101160049,-71.93890381
912,SANTANDER DE QUILICHAO,914,CAUCA,19698,Andina,2.984910011,-76.50160217
913,SANTIAGO_NOR,915,NORTE DE SANTANDER,54680,Andina,7.894939899,-72.71510315
914,SANTIAGO_PUT,916,PUTUMAYO,86760,Amazonia,1.085620046,-77.00499725
915,SANTO DOMINGO,917,ANTIOQUIA,5690,Andina,6.481299877,-75.14230347
916,SANTO TOMAS,918,ATLANTICO,8685,Caribe,10.74120045,-74.7947998
917,SANTUARIO_ANT,919,ANTIOQUIA,5697,Andina,6.127870083,-75.25140381
918,SANTUARIO_RIS,920,RISARALDA,66687,Andina,5.046649933,-75.98290253
919,SAPUYES,921,NARINO,52720,Andina,1.036039948,-77.68019867
920,SARAVENA,922,ARAUCA,81736,Orinoquia,6.906879902,-71.85050201
921,SARDINATA,923,NORTE DE SANTANDER,54720,Andina,8.265870094,-72.80609894
922,SASAIMA,924,CUNDINAMARCA,25718,Andina,4.946760178,-74.41300201
923,SATIVANORTE,925,BOYACA,15720,Andina,6.131949902,-72.73049927
924,SATIVASUR,926,BOYACA,15723,Andina,6.070670128,-72.71489716
925,SEGOVIA,927,ANTIOQUIA,5736,Andina,7.264830112,-74.62640381
926,SESQUILE,928,CUNDINAMARCA,25736,Andina,5.00838995,-73.77940369
927,SEVILLA,929,VALLE DEL CAUCA,76736,Andina,4.198130131,-75.89099884
928,SIACHOQUE,930,BOYACA,15740,Andina,5.4896698,-73.20980072
929,SIBATE,931,CUNDINAMARCA,25740,Andina,4.466040134,-74.26309967
930,SIBUNDOY,932,PUTUMAYO,86749,Amazonia,1.224079967,-76.91179657
931,SILOS,933,NORTE DE SANTANDER,54743,Andina,7.180600166,-72.78649902
932,SILVANIA,934,CUNDINAMARCA,25743,Andina,4.438010216,-74.36990356
933,SILVIA,935,CAUCA,19743,Andina,2.660099983,-76.35109711
934,SIMACOTA,936,SANTANDER,68745,Andina,6.666289806,-73.70429993
935,SIMIJACA,937,CUNDINAMARCA,25745,Andina,5.508090019,-73.84539795
936,SIMITI,938,BOLIVAR,13744,Caribe,7.850609779,-73.98269653
937,SINCE,939,SUCRE,70742,Caribe,9.256279945,-75.08709717
938,SINCELEJO,940,SUCRE,70001,Caribe,9.313139915,-75.43019867
939,SIPI,941,CHOCO,27745,Andina,4.593400002,-76.54019928
940,SITIONUEVO,942,MAGDALENA,47745,Caribe,10.89019966,-74.62779999
941,SOACHA,943,CUNDINAMARCA,25754,Andina,4.535160065,-74.22499847
942,SOATA,944,BOYACA,15753,Andina,6.323140144,-72.69589996
943,SOCHA,945,BOYACA,15757,Andina,5.959290028,-72.68139648
944,SOCORRO,946,SANTANDER,68755,Andina,6.462510109,-73.2437973
945,SOCOTA,947,BOYACA,15755,Andina,5.929830074,-72.55490112
946,SOGAMOSO,948,BOYACA,15759,Andina,5.668389797,-72.88600159
947,SOLANO,949,CAQUETA,18756,Amazonia,0.211568996,-73.13230133
948,SOLEDAD,950,ATLANTICO,8758,Caribe,10.90480042,-74.77179718
949,SOLITA,951,CAQUETA,18785,Amazonia,0.93276298,-75.66600037
950,SOMONDOCO,952,BOYACA,15761,Andina,4.971280098,-73.42829895
951,SONSON,953,ANTIOQUIA,5756,Andina,5.762849808,-75.05799866
952,SOPETRAN,954,ANTIOQUIA,5761,Andina,6.52188015,-75.74549866
953,SOPLAVIENTO,955,BOLIVAR,13760,Caribe,10.33209991,-75.11620331
954,SOPO,956,CUNDINAMARCA,25758,Andina,4.888869762,-73.96579742
955,SORA,957,BOYACA,15762,Andina,5.580140114,-73.44360352
956,SORACA,958,BOYACA,15764,Andina,5.492819786,-73.31829834
957,SOTAQUIRA,959,BOYACA,15763,Andina,5.785220146,-73.25379944
958,SOTARA (Paispamba),960,CAUCA,19760,Andina,2.231970072,-76.61139679
959,SUAITA,961,SANTANDER,68770,Andina,6.114970207,-73.36589813
960,SUAN,962,ATLANTICO,8770,Caribe,10.31159973,-74.90509796
961,SUAREZ_CAU,963,CAUCA,19780,Andina,2.99503994,-76.74440002
962,SUAREZ_TOL,964,TOLIMA,73770,Andina,4.047550201,-74.81880188
963,SUAZA,965,HUILA,41770,Andina,1.871799946,-75.80699921
964,SUBACHOQUE,966,CUNDINAMARCA,25769,Andina,4.970069885,-74.15789795
965,SUCRE_CAU,967,CAUCA,19785,Andina,2.056979895,-76.91049957
966,SUCRE_SAN,968,SANTANDER,68773,Andina,5.987730026,-73.96779633
967,SUCRE_SUC,969,SUCRE,70771,Caribe,8.826379776,-74.74310303
968,SUESCA,970,CUNDINAMARCA,25772,Andina,5.136650085,-73.77870178
969,SUPATA,971,CUNDINAMARCA,25777,Andina,5.062890053,-74.23149872
970,SUPIA,972,CALDAS,17777,Andina,5.452579975,-75.64040375
971,SURATA,973,SANTANDER,68780,Andina,7.475389957,-72.98760223
972,SUSA,974,CUNDINAMARCA,25779,Andina,5.439380169,-73.82260132
973,SUSACON,975,BOYACA,15774,Andina,6.215439796,-72.7161026
974,SUTAMARCHAN,976,BOYACA,15776,Andina,5.641860008,-73.62190247
975,SUTATAUSA,977,CUNDINAMARCA,25781,Andina,5.241529942,-73.85579681
976,SUTATENZA,978,BOYACA,15778,Andina,5.026750088,-73.43190002
977,TABIO,979,CUNDINAMARCA,25785,Andina,4.951990128,-74.08470154
978,TADO,980,CHOCO,27787,Andina,5.265470028,-76.33630371
979,TALAIGUA NUEVO,981,BOLIVAR,13780,Caribe,9.314439774,-74.64019775
980,TAMALAMEQUE,982,CESAR,20787,Caribe,8.900650024,-73.76470184
981,TAMARA,983,CASANARE,85400,Orinoquia,5.879899979,-72.18450165
982,TAME,984,ARAUCA,81794,Orinoquia,6.390069962,-71.79450226
983,TAMESIS,985,ANTIOQUIA,5789,Andina,5.674550056,-75.70970154
984,TAMINANGO,986,NARINO,52786,Andina,1.591969967,-77.32530212
985,TANGUA,987,NARINO,52788,Andina,1.064520001,-77.35089874
986,TARAIRA,988,VAUPES,97666,Amazonia,-0.71588999,-69.90869904
987,TARAPACA (Cor. Departamental),989,AMAZONAS,91798,Amazonia,-2.450829983,-70.00499725
988,TARAZA,990,ANTIOQUIA,5790,Andina,7.48635006,-75.48880005
989,TARQUI,991,HUILA,41791,Andina,2.130359888,-75.87580109
990,TARSO,992,ANTIOQUIA,5792,Andina,5.871200085,-75.8289032
991,TASCO,993,BOYACA,15790,Andina,5.882430077,-72.72640228
992,TAURAMENA,994,CASANARE,85410,Orinoquia,4.69715023,-72.62879944
993,TAUSA,995,CUNDINAMARCA,25793,Andina,5.192399979,-73.95249939
994,TELLO,996,HUILA,41799,Andina,3.034509897,-75.0911026
995,TENA,997,CUNDINAMARCA,25797,Andina,4.651549816,-74.39099884
996,TENERIFE,998,MAGDALENA,47798,Caribe,9.925620079,-74.7263031
997,TENJO,999,CUNDINAMARCA,25799,Andina,4.838180065,-74.14679718
998,TENZA,1000,BOYACA,15798,Andina,5.070650101,-73.42510223
999,TEORAMA,1001,NORTE DE SANTANDER,54800,Andina,8.762439728,-73.15670013
1000,TERUEL,1002,HUILA,41801,Andina,2.828320026,-75.74359894
1001,TESALIA,1003,HUILA,41797,Andina,2.527369976,-75.68009949
1002,TIBACUY,1004,CUNDINAMARCA,25805,Andina,4.321219921,-74.48680115
1003,TIBANA,1005,BOYACA,15804,Andina,5.300270081,-73.39189911
1004,TIBASOSA,1006,BOYACA,15806,Andina,5.748209953,-73.01110077
1005,TIBIRITA,1007,CUNDINAMARCA,25807,Andina,5.085269928,-73.51280212
1006,TIBU,1008,NORTE DE SANTANDER,54810,Andina,8.715259552,-72.80020142
1007,TIERRALTA,1009,CORDOBA,23807,Caribe,7.813280106,-76.16739655
1008,TIMANA,1010,HUILA,41807,Andina,1.94994998,-75.91940308
1009,TIMBIO,1011,CAUCA,19807,Andina,2.370100021,-76.71060181
1010,TIMBIQUI,1012,CAUCA,19809,Andina,2.69927001,-77.49160004
1011,TINJACA,1013,BOYACA,15808,Andina,5.573269844,-73.67720032
1012,TIPACOQUE,1014,BOYACA,15810,Andina,6.4207201,-72.69460297
1013,TIQUISIO (Puerto Rico),1015,BOLIVAR,13810,Caribe,8.492799759,-74.29540253
1014,TITIRIBI,1016,ANTIOQUIA,5809,Andina,6.058469772,-75.79930115
1015,TOCA,1017,BOYACA,15814,Andina,5.580299854,-73.16100311
1016,TOCAIMA,1018,CUNDINAMARCA,25815,Andina,4.453020096,-74.6473999
1017,TOCANCIPA,1019,CUNDINAMARCA,25817,Andina,4.968400002,-73.92769623
1018,TOGUI,1020,BOYACA,15816,Andina,5.916600227,-73.48609924
1019,TOLEDO_ANT,1021,ANTIOQUIA,5819,Andina,7.016759872,-75.71309662
1020,TOLEDO_NOR,1022,NORTE DE SANTANDER,54820,Andina,7.225940228,-72.3062973
1021,TOLU,1023,SUCRE,70820,Caribe,9.534350395,-75.53479767
1022,TOLUVIEJO,1024,SUCRE,70823,Caribe,9.49034977,-75.44290161
1023,TONA,1025,SANTANDER,68820,Andina,7.16106987,-72.92970276
1024,TOPAGA,1026,BOYACA,15820,Andina,5.765289783,-72.83650208
1025,TOPAIPI,1027,CUNDINAMARCA,25823,Andina,5.357530117,-74.29149628
1026,TORIBIO,1028,CAUCA,19821,Andina,2.697669983,-76.21900177
1027,TORO,1029,VALLE DEL CAUCA,76823,Andina,4.637219906,-76.08170319
1028,TOTA,1030,BOYACA,15822,Andina,5.488920212,-73.00689697
1029,TOTORO,1031,CAUCA,19824,Andina,2.509789944,-76.38500214
1030,TRINIDAD,1032,CASANARE,85430,Orinoquia,5.366869926,-71.19499969
1031,TRUJILLO,1033,VALLE DEL CAUCA,76828,Andina,4.23803997,-76.34259796
1032,TUBARA,1034,ATLANTICO,8832,Caribe,10.90859985,-74.98320007
1033,TUCHIN,1035,CORDOBA,23815,Caribe,9.223560333,-75.55020142
1034,TULUA,1036,VALLE DEL CAUCA,76834,Andina,4.028560162,-76.03220367
1035,TUMACO,1037,NARINO,52835,Andina,1.63372004,-78.61319733
1036,TUNJA,1038,BOYACA,15001,Andina,5.517549992,-73.37789917
1037,TUNUNGUA,1039,BOYACA,15832,Andina,5.718949795,-73.93029785
1038,TUQUERRES,1040,NARINO,52838,Andina,1.133669972,-77.63150024
1039,TURBACO,1041,BOLIVAR,13836,Caribe,10.35289955,-75.37960052
1040,TURBANA,1042,BOLIVAR,13838,Caribe,10.23250008,-75.4552002
1041,TURBO,1043,ANTIOQUIA,5837,Andina,7.973199844,-76.73059845
1042,TURMEQUE,1044,BOYACA,15835,Andina,5.306540012,-73.50920105
1043,TUTA,1045,BOYACA,15837,Andina,5.672309875,-73.18270111
1044,TUTAZA,1046,BOYACA,15839,Andina,6.076320171,-72.8565979
1045,UBALA,1047,CUNDINAMARCA,25839,Andina,4.759170055,-73.40809631
1046,UBAQUE,1048,CUNDINAMARCA,25841,Andina,4.500750065,-73.97530365
1047,UBATE,1049,CUNDINAMARCA,25843,Andina,5.313710213,-73.82150269
1048,ULLOA,1050,VALLE DEL CAUCA,76845,Andina,4.70746994,-75.77819824
1049,UMBITA,1051,BOYACA,15842,Andina,5.217460155,-73.46320343
1050,UNE,1052,CUNDINAMARCA,25845,Andina,4.301420212,-74.06900024
1051,UNGUIA,1053,CHOCO,27800,Andina,8.118330002,-77.10500336
1052,UNION PANAMERICANA (Animas),1054,CHOCO,27810,Andina,5.28757,-76.64430237
1053,URAMITA,1055,ANTIOQUIA,5842,Andina,6.914040089,-76.13240051
1054,URIBE,1056,META,50370,Orinoquia,3.048870087,-74.4315033
1055,URIBIA,1057,LA GUAJIRA,44847,Caribe,11.99960041,-71.748703
1056,URRAO,1058,ANTIOQUIA,5847,Andina,6.335639954,-76.26029968
1057,URUMITA,1059,LA GUAJIRA,44855,Caribe,10.49429989,-72.98429871
1058,USIACURI,1060,ATLANTICO,8849,Caribe,10.74120045,-74.98310089
1059,UTICA,1061,CUNDINAMARCA,25851,Andina,5.193260193,-74.47669983
1060,VALDIVIA,1062,ANTIOQUIA,5854,Andina,7.264939785,-75.40070343
1061,VALENCIA,1063,CORDOBA,23855,Caribe,8.220159531,-76.22029877
1062,VALLE DE SAN JOSE,1064,SANTANDER,68855,Andina,6.434689999,-73.10980225
1063,VALLE DE SAN JUAN,1065,TOLIMA,73854,Andina,4.181379795,-75.1713028
1064,VALLE DEL GUAMUEZ (La Hormiga),1066,PUTUMAYO,86865,Amazonia,0.41326201,-76.88289642
1065,VALLEDUPAR,1067,CESAR,20001,Caribe,10.38099957,-73.46420288
1066,VALPARAISO_ANT,1068,ANTIOQUIA,5856,Andina,5.651470184,-75.63069916
1067,VALPARAISO_CAQ,1069,CAQUETA,18860,Amazonia,1.088510036,-75.61740112
1068,VEGACHI,1070,ANTIOQUIA,5858,Andina,6.836679935,-74.75409698
1069,VELEZ,1071,SANTANDER,68861,Andina,6.215380192,-73.69879913
1070,VENADILLO,1072,TOLIMA,73861,Andina,4.709000111,-74.9233017
1071,VENECIA_ANT,1073,ANTIOQUIA,5861,Andina,5.95664978,-75.77629852
1072,VENECIA_CUN,1074,CUNDINAMARCA,25506,Andina,4.060249805,-74.45269775
1073,VENTAQUEMADA,1075,BOYACA,15861,Andina,5.383890152,-73.51940155
1074,VERGARA,1076,CUNDINAMARCA,25862,Andina,5.130559921,-74.31020355
1075,VERSALLES,1077,VALLE DEL CAUCA,76863,Andina,4.619880199,-76.22840118
1076,VETAS,1078,SANTANDER,68867,Andina,7.322800159,-72.88159943
1077,VIANI,1079,CUNDINAMARCA,25867,Andina,4.890860081,-74.55370331
1078,VICTORIA,1080,CALDAS,17867,Andina,5.444980145,-74.83329773
1079,VIGIA DEL FUERTE,1081,ANTIOQUIA,5873,Andina,6.453949928,-76.69589996
1080,VIJES,1082,VALLE DEL CAUCA,76869,Andina,3.743890047,-76.47070313
1081,VILLA CARO,1083,NORTE DE SANTANDER,54871,Andina,7.936359882,-72.98760223
1082,VILLA DE LEIVA,1084,BOYACA,15407,Andina,5.6665802,-73.5114975
1083,VILLA DEL ROSARIO,1085,NORTE DE SANTANDER,54874,Andina,7.757199764,-72.48179626
1084,VILLA RICA,1086,CAUCA,19845,Andina,3.180239916,-76.46379852
1085,VILLAGARZON,1087,PUTUMAYO,86885,Amazonia,0.911863983,-76.74490356
1086,VILLAGOMEZ,1088,CUNDINAMARCA,25871,Andina,5.269460201,-74.18900299
1087,VILLAHERMOSA,1089,TOLIMA,73870,Andina,4.963829994,-75.15930176
1088,VILLAMARIA,1090,CALDAS,17873,Andina,4.940130234,-75.43630219
1089,VILLANUEVA,1091,BOLIVAR,13873,Caribe,10.4453001,-75.26319885
1090,VILLANUEVA_CAS,1092,CASANARE,85440,Orinoquia,4.526629925,-72.82060242
1091,VILLANUEVA_GUA,1093,LA GUAJIRA,44874,Caribe,10.58390045,-72.97429657
1092,VILLANUEVA_SAN,1094,SANTANDER,68872,Andina,6.686860085,-73.16519928
1093,VILLAPINZON,1095,CUNDINAMARCA,25873,Andina,5.227650166,-73.57700348
1094,VILLARRICA,1096,TOLIMA,73873,Andina,3.854990005,-74.6190033
1095,VILLAVICENCIO,1097,META,50001,Orinoquia,4.091889858,-73.48760223
1096,VILLAVIEJA,1098,HUILA,41872,Andina,3.287590027,-75.13899994
1097,VILLETA,1099,CUNDINAMARCA,25875,Andina,5.012149811,-74.4878006
1098,VIOTA,1100,CUNDINAMARCA,25878,Andina,4.43625021,-74.48629761
1099,VIRACACHA,1101,BOYACA,15879,Andina,5.441619873,-73.26660156
1100,VISTAHERMOSA,1102,META,50711,Orinoquia,2.812839985,-73.665802
1101,VITERBO,1103,CALDAS,17877,Andina,5.047790051,-75.87870026
1102,YACOPI,1104,CUNDINAMARCA,25885,Andina,5.591829777,-74.36460114
1103,YACUANQUER,1105,NARINO,52885,Andina,1.126209974,-77.42430115
1104,YAGUARA,1106,HUILA,41885,Andina,2.650719881,-75.5141983
1105,YALI,1107,ANTIOQUIA,5885,Andina,6.716859818,-74.75559998
1106,YARUMAL,1108,ANTIOQUIA,5887,Andina,6.988759995,-75.4539032
1107,YAVARATE (Cor. Departamental),1109,VAUPES,97889,Amazonia,0.833191991,-69.61869812
1108,YOLOMBO,1110,ANTIOQUIA,5890,Andina,6.64718008,-74.92489624
1109,YONDO (Casabe),1111,ANTIOQUIA,5893,Andina,6.925839901,-74.15750122
1110,YOPAL,1112,CASANARE,85001,Orinoquia,5.242640018,-72.25740051
1111,YOTOCO,1113,VALLE DEL CAUCA,76890,Andina,3.905250072,-76.38899994
1112,YUMBO,1114,VALLE DEL CAUCA,76892,Andina,3.596019983,-76.51110077
1113,ZAMBRANO,1115,BOLIVAR,13894,Caribe,9.750829697,-74.87650299
1114,ZAPATOCA,1116,SANTANDER,68895,Andina,6.835110188,-73.27899933
1115,ZAPAYAN (Punta de Piedras),1117,MAGDALENA,47960,Caribe,10.11789989,-74.69159698
1116,ZARAGOZA,1118,ANTIOQUIA,5895,Andina,7.475180149,-74.85800171
1117,ZARZAL,1119,VALLE DEL CAUCA,76895,Andina,4.35901022,-76.05380249
1118,ZETAQUIRA,1120,BOYACA,15897,Andina,5.288790226,-73.16179657
1119,ZIPACON,1121,CUNDINAMARCA,25898,Andina,4.753270149,-74.38880157
1120,ZIPAQUIRA,1122,CUNDINAMARCA,25899,Andina,5.04557991,-74.01989746
1121,ZONA BANANERA (Prado Sevilla),1123,MAGDALENA,47980,Caribe,10.79730034,-74.17880249
